CREATE DATABASE  petshop;
use petshop;
CREATE TABLE cliente (
  id int NOT NULL,
  nome varchar(40) DEFAULT NULL,
  sobrenome varchar(20) DEFAULT NULL,
  telefone varchar(20) DEFAULT NULL,
  PRIMARY KEY (id));

INSERT INTO cliente VALUES (1,'Herman','Crockford','171-459-1742'),(2,'Liuka','Radden','923-351-9896'),(3,'Mariana','Hassewell','764-224-0251'),(4,'Adorne','Moyle','882-493-7369'),(5,'Bjorn','','129-263-4299'),(6,'Mala','Treswell','730-397-1391'),(7,'Nikolia','Holley','960-789-0553'),(8,'Cathryn','Dickins','950-791-8974'),(9,'Peria','Mulliner','488-571-2012'),(10,'Andrea','Leahair','187-471-1485'),(11,'Kennith','Walcot','113-377-1896'),(12,'Ottilie','Thies','721-273-1990'),(13,'Rania','Rosewall','180-164-0312'),(14,'Morgan','Jiras','216-868-5002'),(15,'Esmaria','Hayley','321-283-0066'),(16,'Kelsey','Abatelli','840-448-2426'),(17,'Emylee','Cottrill','202-286-8105'),(18,'Daffy','Beste','971-791-1731'),(19,'Judah','Heffron','938-181-3109'),(20,'Dana','Dene','952-618-8621'),(21,'Luciano','Gason','348-965-1666'),(22,'Kirby','Angerstein','141-550-1362'),(23,'Felipe','Soar','665-205-9550'),(24,'Hanny','Towsie','514-333-0030'),(25,'Dinny','Nance','816-205-3456'),(26,'Sioux','Tilberry','463-599-8516'),(27,'Frans','Helis','714-737-3471'),(28,'Lindie','Seal','143-499-6643'),(29,'Garold','McCoole','398-779-9966'),(30,'Jenda','Oldford','651-398-4849'),(31,'Florinda','Gwilliams','322-935-6977'),(32,'Stavro','Iglesia','232-241-8225'),(33,'Nell','Tether','680-588-5357'),(34,'Erinn','Mountford','662-432-9013'),(35,'Wynnie','Burgum','864-632-7506'),(36,'Derrik','Clelland','513-154-2305'),(37,'Holly','Muddicliffe','933-607-7184'),(38,'Georgie','Rabbatts','305-193-7020'),(39,'Lezley','Newcome','259-973-6288'),(40,'Yul','Phillott','178-164-7041'),(41,'Florry','Calam','827-754-5877'),(42,'Biron','Simakov','940-304-2568'),(43,'Mackenzie','Sleight','378-857-6864'),(44,'Lindsay','Goodenough','937-730-2541'),(45,'Randi','Laxtonne','408-461-9041'),(46,'Dita','Buglass','485-603-2494'),(47,'Mareah','Matsell','853-945-7156'),(48,'Tybalt','Blanc','361-585-7790'),(49,'Alicia','Prover','998-278-3502'),(50,'Orazio','Argile','859-442-4485'),(51,'Whitney','Wilkison','127-254-1875'),(52,'Free','Kenway','908-737-7003'),(53,'Katya','Klosser','554-936-9005'),(54,'Osbourne','Maciaszek','190-161-4144'),(55,'Debbi','Badland','194-131-5038'),(56,'Mark','Burdess','601-729-8270'),(57,'Jorie','Rubery','635-635-6017'),(58,'Selestina','Braisted','842-225-1331'),(59,'Merissa','Caldeyroux','502-595-9230'),(60,'Burgess','Arrandale','576-467-1524'),(61,'Cassi','Poizer','771-717-0875'),(62,'Nance','Trenouth','694-521-4785'),(63,'Aurora','Coenraets','465-401-7935'),(64,'Britt','Ranshaw','999-976-9919'),(65,'Tara','Adey','830-696-9015'),(66,'Verne','Ventris','797-165-7816'),(67,'Angeline','Stanyer','816-344-1198'),(68,'Dierdre','Alpin','323-502-9737'),(69,'Marge','Volkes','896-709-3797'),(70,'Babb','Nowick','316-794-2518'),(71,'Rene','Hourican','837-251-1909'),(72,'Giulietta','Maddox','439-851-6531'),(73,'Alfi','Grigolli','128-273-8224'),(74,'Merl','Geraldi','134-418-0544'),(75,'Gorden','Fargie','488-901-6192'),(76,'Bab','Becaris','989-135-1662'),(77,'Dorrie','Persitt','470-127-7025'),(78,'Ulberto','Seville','982-730-5214'),(79,'Meghan','Bugg','216-438-6446'),(80,'Alonso','Tryme','113-949-7725'),(81,'Antonella','Gammet','597-580-4091'),(82,'Thorn','Arbon','457-374-9299'),(83,'Haslett','Bollard','221-961-5970'),(84,'Casandra','Sloss','911-884-4951'),(85,'Persis','Ritmeier','663-385-1843'),(86,'Kylynn','Aleksandrikin','317-560-9361'),(87,'Lionel','Van Giffen','657-500-5668'),(88,'Michaelina','Santarelli','694-238-1563'),(89,'Minnaminnie','McSwan','113-269-6665'),(90,'Darcie','Barta','472-116-3168'),(91,'Adorne','Gather','883-917-0044'),(92,'Andeee','Hawkwood','846-633-6104'),(93,'Barbie','Woakes','640-802-1486'),(94,'Verina','Ryton','743-618-9300'),(95,'Gennie','McGowan','992-229-7512'),(96,'Petronille','Whiteside','177-663-2070'),(97,'Sianna','Gorwood','844-618-0177'),(98,'Valentina','Peotz','368-614-5460'),(99,'Eal','O\' Sullivan','542-857-9196'),(100,'Sheffield','Longmead','715-882-3802'),(101,'Domenic','Froschauer','803-520-4728'),(102,'Madlin','Buncombe','139-768-8020'),(103,'Lois','Dutnell','460-221-2149'),(104,'Laney','Given','339-241-1556'),(105,'Erastus','Vann','988-800-8844'),(106,'Donny','Paule','346-286-1133'),(107,'Herc','Rikel','978-346-6540'),(108,'Cecile','Rolfe','410-880-2580'),(109,'Kassia','Lambersen','134-141-8761'),(110,'Erroll','McIlmorow','231-914-6513'),(111,'Martainn','Mitchel','902-207-6407'),(112,'Kermie','Hargroves','535-554-6636'),(113,'Sheila','O\'Hickey','741-281-9815'),(114,'Karlik','MacMorland','193-366-4346'),(115,'Ophelie','Mowlam','942-460-2426'),(116,'Harmony','Brodie','860-353-5680'),(117,'Janice','Bricket','424-177-7478'),(118,'Heinrick','Jojic','146-151-7816'),(119,'Keri','Beel','234-342-2159'),(120,'Sheryl','Tremayne','986-627-9003'),(121,'Clarinda','Theze','846-460-0606'),(122,'Frederigo','Mathelin','827-534-5487'),(123,'Catlin','Ashwell','321-914-5586'),(124,'Camila','Todarello','863-458-4971'),(125,'Celine','Ingleston','416-172-3236'),(126,'Tirrell','Crumbie','991-286-9519'),(127,'Gussy','Berzin','625-994-3128'),(128,'Stanley','Durrell','756-517-5363'),(129,'Letisha','Downe','551-616-2560'),(130,'Dillon','Postles','437-669-8303'),(131,'Danella','McGifford','326-860-9628'),(132,'Carol','Longworthy','524-379-2514'),(133,'Gabriel','Gibbons','839-278-3214'),(134,'Lettie','Love','286-531-2717'),(135,'Evelina','Woolliams','392-496-6447'),(136,'Letty','Choake','576-778-3093'),(137,'Brod','Deniseau','566-343-5856'),(138,'Dorisa','Garret','162-593-4276'),(139,'Marabel','Manketell','601-573-5323'),(140,'Tommie','Pluthero','147-351-1646'),(141,'Caprice','MacLucais','532-335-5955'),(142,'Carmine','De Bernardi','770-804-5908'),(143,'Niall','Spry','926-700-5822'),(144,'Rodger','Hallum','498-409-7425'),(145,'Devora','Ratke','730-350-5825'),(146,'Kalinda','Matheson','388-906-0273'),(147,'Ardelia','Wisam','704-125-0698'),(148,'Merrick','Chucks','801-637-9174'),(149,'Adorne','Hardy-Piggin','150-506-2152'),(150,'Irvin','Widmoor','973-805-2013'),(151,'Harlie','Pentycost','310-315-4492'),(152,'Gilda','Twopenny','201-221-8054'),(153,'Felic','Schutt','787-845-2668'),(154,'Cullie','Poile','272-956-3118'),(155,'Caitrin','Popple','116-503-3529'),(156,'Remington','Hodgin','514-200-2428'),(157,'Pernell','Gascoyne','465-596-2356'),(158,'Wernher','Bottomley','449-317-6888'),(159,'Ciro','Barkshire','160-707-1074'),(160,'Euell','Swannack','431-174-7182'),(161,'Dillie','Lofts','593-277-5703'),(162,'Mychal','Batiste','266-905-3577'),(163,'Denni','Braniff','797-942-3879'),(164,'Bernita','McLaverty','380-802-5787'),(165,'Boy','Carwithan','592-477-3200'),(166,'Ikey','McCurtin','784-983-6759'),(167,'Corrina','Prise','271-975-6805'),(168,'Giraud','Kirckman','582-144-1375'),(169,'Barton','Linder','482-975-5965'),(170,'Babb','Mingard','775-981-8003'),(171,'Art','Placstone','582-398-9930'),(172,'Jacquelynn','Elijahu','785-179-4414'),(173,'Annecorinne','Winnister','985-316-0804'),(174,'Gifford','Wortt','891-760-4881'),(175,'Nestor','Powderham','973-315-0437'),(176,'Valma','Darby','216-788-8184'),(177,'Loreen','Goutcher','762-615-8627'),(178,'Gideon','Spurdens','647-445-4059'),(179,'Rafael','Colrein','900-104-4657'),(180,'Addy','McLelland','431-147-8586'),(181,'Tomasine','Mohring','137-982-2551'),(182,'Olympie','Lampl','836-227-2504'),(183,'Gerrie','Keener','210-263-6909'),(184,'Matteo','O\'Lagene','226-495-3230'),(185,'Roddie','Lesurf','268-117-3255'),(186,'Mychal','Wallage','904-621-2617'),(187,'Mandie','Skurm','106-463-9879'),(188,'Wilhelmine','Gayforth','976-892-5074'),(189,'Lexine','Govan','829-860-1008'),(190,'Amalee','Idill','508-543-0294'),(191,'Rosalyn','Greeno','651-617-1142'),(192,'Corilla','Leverett','110-197-3913'),(193,'Isobel','Nicol','396-524-4246'),(194,'Deane','Rillett','392-662-1322'),(195,'Lindsy','Trewman','346-724-8727'),(196,'Marie','Gosart','963-905-4042'),(197,'Jewel','Carson','899-835-8489'),(198,'Nada','Kettlesing','438-141-4743'),(199,'Aimil','Housden','839-164-3941'),(200,'Karina','Mannie','521-479-8759'),(201,'Charis','Crutchley','309-336-2420'),(202,'Mariya','Keeves','979-247-4526'),(203,'Shirleen','Line','478-400-7570'),(204,'Ivonne','Bartul','975-451-0935'),(205,'Lawrence','Linnett','276-986-9937'),(206,'Putnem','Fransson','599-559-6294'),(207,'Andris','Witten','216-809-8115'),(208,'Caria','Sandey','883-917-3888'),(209,'Rudolf','Carwithen','553-837-9035'),(210,'Jessy','Waterman','297-929-8873'),(211,'Ashlin','Fontin','937-152-2034'),(212,'Clemmie','McPolin','261-385-0602'),(213,'Romeo','Stritton','951-412-0703'),(214,'Shandee','Mongenot','698-747-9967'),(215,'Abe','Simco','667-644-7153'),(216,'Jasmina','Wonfor','326-924-2742'),(217,'Verna','Seth','302-828-0904'),(218,'Jodi','Hackforth','360-244-5307'),(219,'Cecile','Lampitt','972-880-6916'),(220,'Fayette','Ariss','871-652-2891'),(221,'Ellen','Strowlger','300-888-5280'),(222,'Misty','Smeath','901-888-0362'),(223,'Murielle','Sterricks','141-375-0411'),(224,'Cleavland','Tilbury','624-225-9041'),(225,'Byrom','Gregh','575-663-7418'),(226,'Kassie','Mitkin','177-121-5941'),(227,'Norry','Monkley','681-747-2856'),(228,'Kaja','Sanham','620-976-9133'),(229,'Ansley','Airdrie','979-603-5673'),(230,'Bernette','Le Provest','358-656-5175'),(231,'Phylys','Skippings','268-475-5231'),(232,'Pieter','Jillett','426-235-7779'),(233,'Dalt','Banck','849-691-4476'),(234,'Meggie','Nurcombe','398-460-8599'),(235,'Maryjo','Francie','111-651-5284'),(236,'Myra','Renney','598-897-1377'),(237,'Carmita','Mounfield','770-289-7724'),(238,'Malva','Durand','128-181-2682'),(239,'Noam','Maginn','249-658-0030'),(240,'Kamila','Stiegar','853-745-5548'),(241,'Vinny','Gradly','936-359-3047'),(242,'Cassie','Brisset','804-326-0625'),(243,'Angel','Keefe','852-436-0582'),(244,'Barnie','Karolovsky','955-409-8008'),(245,'Anastasie','Bautiste','171-228-7414'),(246,'Aurora','Albury','473-175-8639'),(247,'Moll','Fenich','382-228-2414'),(248,'Gray','Spadazzi','355-997-7851'),(249,'Blinny','Wolfer','426-239-2743'),(250,'Dollie','Paolillo','723-216-7848'),(251,'Ardis','Elesander','998-829-6447'),(252,'Korey','Emney','553-741-2970'),(253,'Gianina','Grivori','473-385-7970'),(254,'Dew','Sexty','580-814-9933'),(255,'Garrott','Willis','625-480-8382'),(256,'Tish','Jozwicki','734-767-0523'),(257,'Kevin','Asling','959-157-5050'),(258,'Rheta','Southeran','357-943-7184'),(259,'Shae','Piniur','130-814-1466'),(260,'Tobey','Delany','357-964-6264'),(261,'Leonhard','Margrett','424-578-6590'),(262,'Tamarah','McBrearty','991-345-6786'),(263,'Faun','Robelin','158-717-3067'),(264,'Johnath','Balsdon','605-393-2967'),(265,'Karena','Dibling','326-452-9830'),(266,'Suzanna','Farrall','250-876-2154'),(267,'Tammi','Allsworth','410-948-8130'),(268,'Dianne','Courage','191-650-4542'),(269,'Marlyn','Amsberger','842-216-4156'),(270,'Issi','Naris','669-975-6558'),(271,'Avrit','Razzell','752-684-8623'),(272,'Astrid','McAllen','271-743-1843'),(273,'Levon','Mosten','412-221-8333'),(274,'Emalee','Cokly','207-368-5377'),(275,'Nels','Kremer','641-414-8237'),(276,'Kaile','Flageul','498-514-0981'),(277,'Rochette','Braben','130-923-8073'),(278,'Roosevelt','Bishopp','213-474-5397'),(279,'Werner','Joutapavicius','252-365-3792'),(280,'Terri','Greg','218-890-1129'),(281,'Raymund','Geistbeck','638-801-5652'),(282,'Adriaens','Gilbertson','961-596-9048'),(283,'Ortensia','Leetham','772-407-1463'),(284,'Roxanne','Everil','745-757-1859'),(285,'Sally','Beall','173-794-4150'),(286,'Cly','Phlipon','549-595-2739'),(287,'Josie','Errey','219-808-8056'),(288,'Hernando','Turnock','883-775-0856'),(289,'Mort','Nehlsen','806-536-4391'),(290,'Ana','Bispham','693-998-1354'),(291,'Lane','Breheny','218-112-1587'),(292,'Kimberlee','Blumer','894-996-5352'),(293,'Leesa','Tippin','673-383-2512'),(294,'Paulie','Anderer','200-495-4731'),(295,'Osmund','Pandey','486-848-3658'),(296,'Armand','Dunbleton','343-598-9153'),(297,'Chip','Ericssen','198-223-3565'),(298,'Raychel','Roast','518-871-5628'),(299,'Dexter','Gillings','648-101-8987'),(300,'Clemmy','Milbourne','157-470-2203'),(301,'Darline','Picardo','408-198-1790'),(302,'Cassie','Scarlon','196-684-3469'),(303,'Harris','Maxstead','955-168-3235'),(304,'Rodrick','Clawsley','129-870-5076'),(305,'Justinn','Santry','177-716-9961'),(306,'Kaia','Ackenhead','545-357-1288'),(307,'Samaria','Swaile','194-346-6381'),(308,'Rebbecca','Keir','226-340-8067'),(309,'Otho','Leibold','912-583-8497'),(310,'Olwen','Bleasby','749-449-4169'),(311,'Osbert','O\'Gormally','577-987-1631'),(312,'Pepe','Rope','344-107-3906'),(313,'Morrie','McMarquis','865-996-5022'),(314,'Nancy','Roby','449-622-0802'),(315,'Celia','Mesnard','166-573-7568'),(316,'Abbi','Beardall','322-723-1944'),(317,'Edgardo','Ford','449-989-2607'),(318,'Ardath','Goch','450-510-5134'),(319,'Rosanne','Stretton','530-438-5778'),(320,'Sari','Wyndham','259-632-6947'),(321,'Karen','Crighten','549-818-7687'),(322,'Raquela','Moyser','456-861-2711'),(323,'Pollyanna','Holleworth','400-102-6354'),(324,'Erna','Droogan','176-466-7973'),(325,'Helena','Sandall','336-356-3329'),(326,'Meredith','China','123-304-0233'),(327,'Dyna','Duxbury','259-327-4576'),(328,'Carlene','Scare','776-657-9060'),(329,'Paule','Wolfendell','152-133-1212'),(330,'Abbi','Utley','986-462-9422'),(331,'Amil','Greystoke','156-889-4950'),(332,'Birdie','Sibbert','878-942-9074'),(333,'Seward','Frear','675-762-5893'),(334,'Olivero','Fyfield','236-886-1571'),(335,'Holmes','Dellatorre','209-595-0321'),(336,'Gertrudis','Sailer','594-357-0258'),(337,'La verne','Kitchin','216-239-1988'),(338,'Allister','Sagrott','364-835-0059'),(339,'Prudence','Reidshaw','297-528-5959'),(340,'Edeline','Deboick','551-411-1779'),(341,'Kimberley','Franzini','248-268-5835'),(342,'Zelig','Sager','853-600-8514'),(343,'Amalia','Goley','186-728-8557'),(344,'Merola','Greg','316-938-7474'),(345,'Dalia','Godwyn','164-839-8437'),(346,'Kailey','Claridge','244-412-1412'),(347,'Gaylor','Turbern','336-857-3596'),(348,'Filmer','Teideman','866-610-4321'),(349,'Inness','Soeiro','182-426-6239'),(350,'Elvyn','Revell','777-986-1992'),(351,'Chad','Moorey','828-443-4200'),(352,'Buiron','Rapson','193-521-7377'),(353,'Eleen','Hoofe','524-933-4277'),(354,'Cordie','Cocking','166-106-9846'),(355,'Seamus','Giscken','216-926-0820'),(356,'Esra','Kelland','419-968-9260'),(357,'Sigvard','Bricksey','936-500-3553'),(358,'Gerianna','Jobbings','395-785-8440'),(359,'Krishna','Doerling','643-291-8339'),(360,'Hyacinthe','Aucock','402-438-5586'),(361,'Natalya','Lidster','255-766-4420'),(362,'Rutter','Kleinzweig','213-625-3928'),(363,'Genevra','Sivewright','501-647-8695'),(364,'Karly','Benediktovich','738-140-9737'),(365,'Wilt','Richens','127-764-2111'),(366,'Mahala','Craddock','835-566-1656'),(367,'Lillian','Goldingay','997-886-4605'),(368,'Raimund','Dabney','628-222-3581'),(369,'Park','Plom','131-724-1307'),(370,'Truman','Capstick','949-941-2283'),(371,'Angel','Gasperi','664-856-2280'),(372,'Frederigo','Ronci','985-694-8334'),(373,'Aeriell','Loiterton','200-502-7811'),(374,'Eldridge','Robard','801-723-7399'),(375,'Cyndie','Livoir','100-521-6310'),(376,'Mathilde','Skudder','592-601-5440'),(377,'Normy','de Bullion','839-629-0711'),(378,'Francoise','Kleinholz','482-844-1461'),(379,'Kristos','Cecely','580-851-9124'),(380,'Morse','Worrell','246-104-7197'),(381,'Zola','Seden','574-850-6616'),(382,'Ilaire','Mollen','620-252-4083'),(383,'Cristal','McLay','729-815-1414'),(384,'Jessalin','Stanfield','226-578-3138'),(385,'Coral','Fozzard','946-458-4639'),(386,'Daryl','Cota','458-935-4358'),(387,'Lin','Fuidge','167-171-3385'),(388,'Friederike','Gallen','590-315-2014'),(389,'Brennan','Jeeks','791-668-5546'),(390,'Baxie','Pointing','342-503-1867'),(391,'Marieann','Klee','178-701-2525'),(392,'Kelley','O\'Kane','300-600-1422'),(393,'Kristofer','Axworthy','131-792-2125'),(394,'Demetri','Ledner','934-940-8205'),(395,'Hermy','Gleeton','336-210-1813'),(396,'Darell','Threlkeld','134-610-3648'),(397,'Lester','Minigo','148-355-5211'),(398,'Flint','Maharry','816-100-0840'),(399,'Alanah','Conibear','504-599-3833'),(400,'Cyb','Ianniello','662-638-1631'),(401,'Dru','Venable','421-922-6933'),(402,'Hiram','Favelle','310-725-9473'),(403,'Aurie','Pirdy','605-277-3267'),(404,'Lainey','O\'Shields','389-936-0599'),(405,'Taylor','Facer','531-224-3012'),(406,'Thom','Howarth','858-297-9937'),(407,'Ansley','Lapenna','788-661-7679'),(408,'Rory','Crucitti','960-805-4759'),(409,'Collette','Basini-Gazzi','862-600-2218'),(410,'Franni','Pakeman','838-524-8328'),(411,'Prent','Carrett','515-710-2146'),(412,'Tedda','Brownsea','329-872-1348'),(413,'Garry','Goghin','860-498-4149'),(414,'Stacee','Canty','932-186-2623'),(415,'Babb','Wardall','474-991-2691'),(416,'Cassius','Cowdrey','284-931-5211'),(417,'Randee','Nozzolinii','462-153-0895'),(418,'Grayce','McQuillan','913-839-0992'),(419,'Marsha','Nozzolii','662-105-6098'),(420,'Roxanna','Scurrey','778-653-1606'),(421,'Hugh','Loreit','319-276-9833'),(422,'Maddi','Mercik','271-236-9845'),(423,'Wilbur','Brazener','302-217-8614'),(424,'Brigida','Durker','171-773-9336'),(425,'Jennie','Whitwam','557-415-2512'),(426,'Eugenia','Corballis','920-444-1435'),(427,'Prisca','Swanton','126-650-6478'),(428,'Dennison','Bowmen','635-681-2508'),(429,'Reynolds','Drexel','159-907-2948'),(430,'Pembroke','Rodriguez','534-141-1132'),(431,'Odell','Cummins','877-864-0034'),(432,'Olenolin','Fluit','345-364-5582'),(433,'Egan','Neaverson','221-321-4291'),(434,'Yoshi','Benko','481-832-5167'),(435,'Mellisent','Pietzke','674-716-0865'),(436,'Yance','Riden','770-693-7632'),(437,'Domeniga','Botright','203-199-9672'),(438,'Cammi','Askew','240-678-0448'),(439,'Antony','Minigo','358-411-6869'),(440,'Evy','McNiff','368-534-5430'),(441,'Nickolaus','Havile','940-469-2126'),(442,'Rani','Lowes','422-586-1278'),(443,'Etti','Penswick','167-544-5449'),(444,'Maryl','Fradgley','149-992-3786'),(445,'Ahmad','Cantle','232-234-5333'),(446,'Lawrence','Isaaksohn','634-552-0679'),(447,'Baxy','Hamal','233-538-8821'),(448,'Nap','O\'Howbane','827-394-0630'),(449,'Gabriel','Struijs','632-503-1485'),(450,'Merralee','Sentinella','355-852-0434'),(451,'Morly','Gallear','403-269-8429'),(452,'Lucian','Fyldes','732-817-0746'),(453,'Dennie','Daviot','313-980-9803'),(454,'Alyosha','Gutowska','923-230-1176'),(455,'Henrieta','Mordue','189-951-1904'),(456,'Linn','Oakshott','562-292-8660'),(457,'Zelig','Zettoi','334-325-4565'),(458,'Welch','Mertel','806-622-7012'),(459,'Christiane','Gennrich','959-239-7157'),(460,'Wilhelmine','Mate','309-280-4277'),(461,'Jillane','Millichap','678-674-9516'),(462,'Carly','Lauxmann','321-292-9738'),(463,'Yvor','Berrecloth','291-498-4965'),(464,'Bernhard','Wickerson','223-543-9597'),(465,'Emelita','Biskupiak','982-783-2681'),(466,'Paulita','Griswaite','317-745-8359'),(467,'Philippe','von Hagt','202-667-0744'),(468,'Latashia','Reicharz','582-213-6245'),(469,'Aubree','Leckie','836-864-1635'),(470,'Renee','Hollow','895-176-5648'),(471,'Brittani','Baudou','207-828-2173'),(472,'Myrilla','de Voiels','994-492-4703'),(473,'Rheba','Sellens','928-303-6775'),(474,'Goldy','Freda','891-830-4134'),(475,'Riobard','Gregr','745-165-1737'),(476,'Adham','Cherrett','597-535-8764'),(477,'Townsend','Ungerecht','517-558-4198'),(478,'Torrie','Sighart','804-141-3424'),(479,'Adelaide','Wiltshier','881-731-4314'),(480,'Creigh','Pounsett','115-540-6976'),(481,'Rachael','Dundridge','127-767-4522'),(482,'Philip','Davidek','513-135-1649'),(483,'Harli','Jurgensen','985-918-7183'),(484,'Shellysheldon','Gainseford','867-608-3178'),(485,'Palm','Goozee','838-537-1608'),(486,'Neville','Powton','318-645-5154'),(487,'Shoshanna','Klassman','253-115-3176'),(488,'Vinita','Kears','190-203-9898'),(489,'Nonah','Dongall','468-126-2693'),(490,'Gage','Mepsted','681-557-0082'),(491,'Kristy','Way','372-588-1144'),(492,'Lucilia','Klimentov','411-234-2812'),(493,'Georgina','Caruth','799-235-2493'),(494,'Jessamine','Akam','672-648-1914'),(495,'Mark','O\'Beirne','385-414-0412'),(496,'Billie','Ceillier','885-731-7706'),(497,'Corette','Schowenburg','245-402-5624'),(498,'Roxanne','Fillan','911-829-6349'),(499,'Ailene','Foxworthy','842-991-1952'),(500,'Land','Apfelmann','449-184-0343'),(501,'Tiena','More','725-584-1683'),(502,'Lillis','Verrills','991-500-9655'),(503,'Allix','Kirke','132-407-9538'),(504,'Helena','Ashborn','951-478-8543'),(505,'Hunter','Harwell','596-478-2852'),(506,'Lind','Lambden','627-908-9817'),(507,'Saundra','Pollins','849-302-5257'),(508,'Alick','Faircloth','477-857-1145'),(509,'Merna','Blofield','845-952-6405'),(510,'Mattie','Palphreyman','373-374-0793'),(511,'Bo','Gronou','128-438-0611'),(512,'Burch','McIlherran','346-252-4236'),(513,'Pansy','Beament','422-739-2182'),(514,'Chris','Syder','773-559-8796'),(515,'Antoni','Drains','304-491-8828'),(516,'Doralynn','Kellick','923-631-3675'),(517,'Gwendolen','Sams','423-544-1099'),(518,'Hannie','Suddards','248-209-8379'),(519,'Sibylla','Temby','644-228-7227'),(520,'Conn','Kristoffersen','877-231-9733'),(521,'Angelle','O\'Criane','554-677-9737'),(522,'Stephani','McMillan','400-679-4966'),(523,'Anna','Rolance','979-102-5153'),(524,'Leia','Scurrer','820-793-2956'),(525,'Hilton','Ianetti','265-238-7431'),(526,'Nelson','Eaklee','790-129-8126'),(527,'Josh','Ridgley','604-398-1612'),(528,'Normy','Randell','776-670-2263'),(529,'Correy','Santry','305-673-7967'),(530,'Cami','Botten','654-333-6769'),(531,'Stephenie','Carhart','682-909-7552'),(532,'Devina','Klossmann','962-235-3433'),(533,'Rich','Grumble','399-469-3028'),(534,'Ddene','Drewet','859-250-1902'),(535,'Mellisent','Bletcher','324-585-5258'),(536,'Kristian','Gladdis','351-681-4615'),(537,'Baudoin','Maides','995-428-0413'),(538,'Adriane','Yerrington','986-485-3505'),(539,'Ingram','Findlay','650-629-6822'),(540,'Dorrie','Gasnoll','938-511-4561'),(541,'Aubrey','Murty','618-858-3386'),(542,'Uriah','Ramshaw','706-643-3402'),(543,'Guinna','Willas','555-168-2859'),(544,'Sibylle','Buller','675-263-0460'),(545,'Jacob','Petrescu','822-178-1945'),(546,'Devonne','Bullivent','233-291-8414'),(547,'Peria','Cochern','944-647-3997'),(548,'Aldus','Vassar','712-629-0728'),(549,'Stephen','Duligall','259-461-8743'),(550,'Basile','Giscken','884-675-9416'),(551,'Lorelle','Grew','175-101-6021'),(552,'Munmro','Tanswell','394-931-6689'),(553,'Obadiah','Fincken','727-946-7569'),(554,'Rosy','Kitchenham','621-417-4307'),(555,'Anette','Carmody','538-193-2235'),(556,'Alexio','Janda','734-140-8371'),(557,'Tally','Dulwich','756-536-9916'),(558,'Berta','Lintall','419-343-8396'),(559,'Hill','Pitcock','104-423-9779'),(560,'Nelle','Aim','288-763-4551'),(561,'Darda','Roback','915-878-5332'),(562,'Felipa','Infantino','114-640-4125'),(563,'Dorree','Cordery','379-713-3965'),(564,'Byrann','Grund','968-849-6242'),(565,'Janaya','Tiernan','962-125-2888'),(566,'Charmine','Allsop','981-160-3210'),(567,'Shanan','Penberthy','108-148-3117'),(568,'Dwain','Bewsey','353-429-6904'),(569,'Abbie','Skittles','858-166-6330'),(570,'Vittorio','Dailey','351-817-2425'),(571,'Elnore','O\' Mahony','787-515-1678'),(572,'Jacques','Leyton','317-386-6691'),(573,'Tara','Caseri','982-785-6220'),(574,'Aubry','MacGilpatrick','686-748-8977'),(575,'Ailene','Dudill','138-596-1834'),(576,'Simone','Cupper','731-439-5724'),(577,'Goldie','Brookson','502-607-6320'),(578,'Drucill','Churchward','688-559-8271'),(579,'Elston','Andrin','614-140-7608'),(580,'Merla','Peirpoint','179-720-4804'),(581,'Rafael','Phillpotts','642-350-6048'),(582,'Birch','Lytlle','905-642-5922'),(583,'Anett','Godleman','379-433-4384'),(584,'Mellisent','Clearley','799-971-5907'),(585,'Ivar','Ramelet','269-228-9462'),(586,'Bevan','Primarolo','717-999-8214'),(587,'Imojean','Blacksell','462-492-3810'),(588,'Orazio','Adolphine','928-677-8523'),(589,'Pattie','Cline','359-123-2387'),(590,'Mirna','Burchatt','963-604-2624'),(591,'Kitti','Pickring','646-460-0862'),(592,'Gradey','Ghelardi','612-489-1370'),(593,'Dunc','Middis','166-865-9778'),(594,'Shauna','Nichols','495-260-0884'),(595,'Timi','McCloch','873-471-3453'),(596,'Llewellyn','Moyes','807-851-0105'),(597,'Kirstin','MacGeaney','729-580-1993'),(598,'Micheline','Tupman','135-606-3251'),(599,'Percival','Applewhaite','108-496-0760'),(600,'Teresina','Dericot','917-109-6849'),(601,'Augusta','O\'Sirin','429-611-9653'),(602,'Jeni','Garwood','973-531-0953'),(603,'Gleda','Sperwell','625-796-8315'),(604,'Fulton','Readhead','741-446-2140'),(605,'Arline','Davinet','294-352-8833'),(606,'Alwyn','Billborough','930-599-8079'),(607,'Aleta','Fretter','307-501-3823'),(608,'Randy','Ogers','749-728-6829'),(609,'Powell','Jersch','691-546-8437'),(610,'Barron','Pagden','197-791-9972'),(611,'Silas','Halwill','463-797-5121'),(612,'Oby','Bertot','503-937-5728'),(613,'Shamus','Leamy','125-964-1464'),(614,'Weber','Naile','128-528-3185'),(615,'Korney','Lightoller','560-869-5885'),(616,'Garret','Roony','885-807-4205'),(617,'Sherri','Vivien','455-430-6735'),(618,'Kathye','Joubert','663-173-2124'),(619,'Annora','Kinavan','551-729-0464'),(620,'Timmy','Lugard','227-740-0689'),(621,'Wilden','Dearsley','386-672-1530'),(622,'Scarface','Bissill','409-244-8631'),(623,'Randi','Pinsent','294-647-5602'),(624,'Eve','Arnholdt','539-949-1261'),(625,'Job','O\'Corrin','819-103-8630'),(626,'Hilly','Profit','753-857-4366'),(627,'Henri','Forri','840-286-3195'),(628,'Northrop','Chapple','676-532-0677'),(629,'Mikel','Thomerson','245-468-2624'),(630,'Misty','Driffill','956-931-8041'),(631,'Rachelle','Atkin','174-246-5051'),(632,'Paton','Allridge','869-204-0235'),(633,'Grazia','Knutton','121-271-7950'),(634,'Melamie','Worton','654-452-4258'),(635,'Pen','Dericut','852-685-8898'),(636,'Cori','Chantillon','664-979-7847'),(637,'Wilfred','Sloam','160-834-2764'),(638,'Harmony','Vick','586-880-5479'),(639,'Eugen','Pedreschi','681-759-3032'),(640,'Olly','MacMillan','257-896-3966'),(641,'Shanon','Matusiak','212-476-3889'),(642,'Katie','Duchant','251-837-2035'),(643,'Gary','Middlemass','326-776-0795'),(644,'Alexei','Giorgietto','443-160-5145'),(645,'Katharine','Brixey','381-779-3189'),(646,'Gaye','De Clairmont','298-977-6842'),(647,'Luz','Heis','400-572-9450'),(648,'Dniren','Dowers','901-466-0766'),(649,'Hannis','Gianneschi','332-354-5296'),(650,'Ilyse','Lambard','365-723-7933'),(651,'Dwight','Clyant','722-703-8292'),(652,'Margery','Quickfall','836-450-5643'),(653,'Eartha','Belchem','729-351-4570'),(654,'Caria','Lourenco','664-722-6073'),(655,'Donia','Ravenshaw','227-112-2896'),(656,'Travis','Lissett','276-989-7137'),(657,'Shea','Duddle','756-130-8369'),(658,'Teriann','Roller','745-360-4505'),(659,'Ailey','Cannon','616-291-9503'),(660,'Bridget','Sumsion','267-944-1530'),(661,'Adrien','Grogono','882-354-1973'),(662,'Abigael','Vance','319-150-3938'),(663,'Elonore','Stonard','152-778-9742'),(664,'Gilbert','Stapleford','162-551-6597'),(665,'Keelby','Dudmesh','491-457-1458'),(666,'Bonita','deKnevet','101-794-8772'),(667,'Loreen','McOrkil','235-741-6714'),(668,'Jaquith','Moyers','399-808-2816'),(669,'Beulah','Ruckman','860-855-0196'),(670,'Joaquin','Housecraft','500-347-8734'),(671,'Angelico','Pitkin','256-925-2555'),(672,'Shane','Truwert','623-274-6107'),(673,'Archibald','Murfin','879-232-4711'),(674,'Delmer','de Villier','649-363-5728'),(675,'Cross','Goudman','361-192-6673'),(676,'Karisa','Dackombe','228-528-9141'),(677,'Pearl','Schinetti','137-538-6641'),(678,'Noemi','Andrasch','584-810-6268'),(679,'Camella','Sevior','416-857-2156'),(680,'Odelinda','Racher','995-357-2193'),(681,'Lurette','Shattock','752-295-9936'),(682,'Denise','MacAskie','722-968-2543'),(683,'Dorotea','Okie','562-659-1116'),(684,'Nichol','Valeri','250-734-9433'),(685,'Alexei','Kreber','134-313-2686'),(686,'Sidoney','Lawling','704-720-9685'),(687,'Quentin','Masselin','771-688-5758'),(688,'Taffy','Jenyns','342-544-5386'),(689,'Horatia','Escofier','598-465-5106'),(690,'Merissa','Dolling','333-380-6180'),(691,'Tania','Joutapavicius','528-833-2546'),(692,'Dalia','Radloff','511-619-6292'),(693,'Ludovico','Linebarger','260-754-3904'),(694,'Sholom','Corwin','764-549-7628'),(695,'Alvie','Cockshutt','176-792-6758'),(696,'Sheeree','Paulat','214-664-6350'),(697,'Alethea','Speenden','551-865-3753'),(698,'Kylen','Paulazzi','298-670-1993'),(699,'Florry','Grouen','303-436-9401'),(700,'Theodore','Biss','333-625-1881'),(701,'Emyle','Beert','531-900-1456'),(702,'Kimbell','Trivett','293-183-9695'),(703,'Franz','Yurocjhin','647-560-9574'),(704,'Nerta','Wiltshire','220-867-2489'),(705,'Hirsch','Giacovetti','884-384-5328'),(706,'Puff','Fouch','888-117-6845'),(707,'Melly','Seignior','166-747-2958'),(708,'Blakeley','Batten','806-902-5246'),(709,'Gerladina','McEvilly','960-361-8077'),(710,'Kelci','Webling','567-725-7972'),(711,'Gene','Trussman','950-880-9644'),(712,'Tammi','Vine','140-164-0746'),(713,'Rosette','O\' Neligan','954-851-5260'),(714,'Meyer','MacTerlagh','287-407-6772'),(715,'Dorie','Dreakin','970-835-4062'),(716,'Johnna','Skylett','625-947-7345'),(717,'Antons','Stother','324-951-2862'),(718,'Gerri','Castelletto','649-646-2328'),(719,'Viki','Le Sieur','918-568-4206'),(720,'Lyndell','Devanney','445-266-6185'),(721,'Camilla','Didball','332-295-4956'),(722,'Rowen','Durand','865-231-6990'),(723,'Cloe','Craigmyle','627-875-4807'),(724,'Caz','Corballis','583-127-7333'),(725,'Eddy','Walkey','409-290-6382'),(726,'Tiff','Bulcock','810-108-5658'),(727,'Thorstein','Islip','943-534-1370'),(728,'Corty','Lohde','242-999-1425'),(729,'Leandra','Farbrace','637-686-0875'),(730,'Kata','Trewhela','432-630-2320'),(731,'Cindy','Vivians','476-656-4010'),(732,'Clerc','Pickin','404-313-9589'),(733,'Gilemette','Ramas','770-531-8335'),(734,'Denver','Fingleton','632-269-6625'),(735,'Anastasie','Andresen','915-649-3245'),(736,'Eunice','Itzakovitz','630-751-2990'),(737,'Tandi','Lampen','654-386-7051'),(738,'Emilio','Vennings','911-244-1115'),(739,'Moss','Hullin','930-391-6363'),(740,'Michaella','Sloyan','633-642-4816'),(741,'Trude','Helliker','719-857-5647'),(742,'Kaila','Jeffrey','529-446-8835'),(743,'Zarah','Drewe','307-675-4711'),(744,'Caty','Cockshtt','144-956-8567'),(745,'Wallie','Ridehalgh','385-336-9945'),(746,'Alida','Castelot','668-678-9773'),(747,'Hedwiga','Bayne','555-926-6918'),(748,'Clay','Twittey','635-686-6682'),(749,'Whitney','Kohrding','494-126-7977'),(750,'Kevyn','Georgescu','634-644-8845'),(751,'Cortie','Twort','534-907-9528'),(752,'Ilaire','McCutheon','411-248-0888'),(753,'Lela','Kernock','786-347-1582'),(754,'Laney','Earwicker','404-950-3959'),(755,'Haskell','Daoust','774-642-3407'),(756,'Blinni','Perutto','335-630-0962'),(757,'Nikoletta','Fundell','396-123-9569'),(758,'Gawen','Sumbler','874-917-3564'),(759,'Vonny','Scintsbury','792-598-9183'),(760,'Chas','Vollam','382-244-3656'),(761,'Bobette','Jeffress','349-744-2868'),(762,'Sybil','Gamwell','214-408-3503'),(763,'Humfried','Biaggiotti','478-345-7360'),(764,'Rebecca','Cancellieri','173-253-9056'),(765,'Tansy','Primo','242-911-6324'),(766,'Jasper','Hubbis','652-380-7065'),(767,'Quincy','Magister','200-802-5599'),(768,'Lydia','Element','269-104-3438'),(769,'Murdoch','Maystone','565-336-5326'),(770,'Faina','MacCleod','924-145-3673'),(771,'Minerva','Woodrough','459-909-0366'),(772,'Arleyne','Jellico','662-104-3907'),(773,'Missy','Tallquist','865-531-4886'),(774,'Bail','Howden','591-881-6506'),(775,'Roshelle','Aylesbury','856-762-1471'),(776,'Dara','Bradneck','936-128-1795'),(777,'Pearle','Pavia','278-442-7346'),(778,'Lyndsay','Horney','980-295-1668'),(779,'Isiahi','Aldam','255-599-7107'),(780,'Jordain','Maron','776-397-1571'),(781,'Hussein','Greendale','321-269-7740'),(782,'Royce','Vasilchenko','304-466-3513'),(783,'Andra','Walentynowicz','941-706-5685'),(784,'Marlow','Capaldi','931-557-5314'),(785,'Damara','Rafter','279-342-7759'),(786,'Leona','Stickland','968-796-4500'),(787,'Reta','Piatti','208-211-6105'),(788,'Creigh','Toyer','232-498-8730'),(789,'Fielding','Ricciardo','915-219-6109'),(790,'Cristie','Lain','736-539-6692'),(791,'Hanson','Petrasso','997-849-6906'),(792,'Zebulon','Dabner','494-919-1009'),(793,'Jeremy','Bracco','810-416-5129'),(794,'Ninetta','Lapley','328-367-1821'),(795,'Mallorie','Gibbs','509-127-5925'),(796,'Tarrah','Baus','677-212-1173'),(797,'Antonin','McMeyler','909-941-2865'),(798,'Madel','Whyatt','930-878-8257'),(799,'Farley','Baggett','395-256-8680'),(800,'Corny','Sara','947-580-5771'),(801,'Layney','Stanford','381-109-7087'),(802,'Adelbert','Shardlow','672-829-2138'),(803,'Evonne','Tocqueville','172-509-5630'),(804,'Tonie','Schuh','655-588-9084'),(805,'Clio','Gomersal','858-798-6481'),(806,'Alric','Mont','306-310-6277'),(807,'Marylee','Swarbrick','512-234-0681'),(808,'Petrina','Tape','976-576-5850'),(809,'Corny','Cattenach','473-371-8016'),(810,'Ashly','Troughton','342-657-6467'),(811,'Mallissa','Dummett','603-200-6872'),(812,'Carolin','Hagger','964-228-3043'),(813,'Clarance','Staning','595-242-2789'),(814,'Jenna','Bereford','662-696-9805'),(815,'Allistir','Tummond','279-873-0166'),(816,'Marcello','Gadie','411-608-3490'),(817,'Brinna','Spridgeon','926-847-4421'),(818,'Gunilla','Rippingale','463-749-3056'),(819,'Lee','Union','870-979-9888'),(820,'Vania','Golbourn','272-209-0556'),(821,'Marthe','Cape','446-741-2860'),(822,'Arron','Dumingo','723-459-8933'),(823,'Odelinda','Treske','933-169-9737'),(824,'Cariotta','Dooley','363-593-9894'),(825,'Marian','Grayston','760-727-2238'),(826,'Iona','Rogers','662-517-1485'),(827,'Sabra','Asch','390-620-5966'),(828,'Camellia','Hoyland','276-841-7002'),(829,'Shea','Latchford','602-806-8126'),(830,'Rudolf','Reeman','782-889-2627'),(831,'Isa','Steiner','892-380-7836'),(832,'Rubi','Ollander','811-893-9087'),(833,'Chiquia','Hovert','275-688-8334'),(834,'Dayna','Selwood','371-943-6840'),(835,'Jo','Mansour','459-931-2708'),(836,'Cliff','Vickarman','410-252-9387'),(837,'Inglis','Lemerle','706-816-4744'),(838,'Mella','Kubczak','759-948-3470'),(839,'Robinet','Manjin','172-729-7054'),(840,'Jasmine','Fulcher','134-355-1860'),(841,'Rriocard','Danick','349-624-0132'),(842,'Doy','Caunter','373-945-9737'),(843,'Vincent','Donaho','512-605-3733'),(844,'Vinnie','Trunkfield','350-190-4016'),(845,'Mariya','Devey','331-211-1955'),(846,'Jyoti','Cajkler','992-762-0422'),(847,'Friedrick','Lucian','307-212-3098'),(848,'Sherie','Kender','486-540-1582'),(849,'Meredith','Smewings','774-228-5608'),(850,'Ceciley','Lammerich','516-151-5898'),(851,'Addy','De Meis','243-756-5222'),(852,'Lavinia','Zucker','804-188-4361'),(853,'Holly','Vannoni','208-984-7337'),(854,'Abrahan','Brosius','338-895-6704'),(855,'Charmion','Scolts','553-819-3716'),(856,'Olivette','Haseman','903-949-6035'),(857,'Wally','Hearsey','166-358-9674'),(858,'Pierre','Greggersen','937-185-5554'),(859,'Nelly','Harbinson','469-515-4258'),(860,'Nolie','Coushe','216-176-2336'),(861,'Giles','Regelous','282-906-3178'),(862,'Hillard','Hartup','512-991-3462'),(863,'Albertine','MacQuarrie','585-406-4896'),(864,'Nathanial','Polack','596-289-2043'),(865,'Berky','Titherington','426-940-5980'),(866,'Bobinette','Delves','233-206-0080'),(867,'Cob','Adriaan','850-325-0094'),(868,'Gretel','Rawles','594-700-1996'),(869,'Sam','Filipovic','366-908-0537'),(870,'Duky','Hartington','707-447-2881'),(871,'Micheline','O\'Cridigan','881-310-8287'),(872,'Lynnet','Waddington','518-269-8046'),(873,'Aurelia','Springthorpe','437-542-6887'),(874,'Cully','MacRannell','216-704-9747'),(875,'Isac','Rubke','129-836-6578'),(876,'Kristel','Pays','149-802-8720'),(877,'Channa','Spiaggia','238-440-8087'),(878,'Giffer','Hogbin','178-477-7668'),(879,'Powell','Chichgar','311-654-2608'),(880,'Gipsy','Irnis','500-129-8331'),(881,'Gian','Scowen','595-685-5765'),(882,'Charissa','Columbell','245-363-9131'),(883,'Margarete','Foale','895-348-6682'),(884,'Star','Mation','773-295-3235'),(885,'Celestine','Hall','763-654-3416'),(886,'Bevvy','Pickring','291-583-7510'),(887,'Adah','Tivnan','246-862-5268'),(888,'Orlando','Pitcaithly','507-793-4986'),(889,'Addia','Valti','811-139-1157'),(890,'Jemie','Spindler','327-103-9496'),(891,'Christi','Smedmore','892-824-4605'),(892,'Em','Teers','162-262-4724'),(893,'Orv','Livesley','546-418-1159'),(894,'Wynne','Riste','881-308-0748'),(895,'Alyda','O\'Cuddie','286-296-0671'),(896,'Fiorenze','Seagar','929-312-3081'),(897,'Billie','Nial','523-888-5476'),(898,'Dinah','Local','176-373-1305'),(899,'Eadith','Habens','360-289-8821'),(900,'Larina','Aronoff','359-336-1688'),(901,'Odetta','Bronger','809-448-9463'),(902,'Zane','Barwick','290-585-3778'),(903,'Salomo','Hembery','111-897-5635'),(904,'Jacenta','Robjents','472-528-2254'),(905,'Dehlia','Ballaam','459-828-4773'),(906,'Dwain','Cowitz','294-373-0629'),(907,'Shari','Kondratyuk','826-159-7585'),(908,'Jewell','Mozzetti','758-262-6486'),(909,'Ramona','Plaistowe','615-338-8048'),(910,'Carlyn','Agnew','605-581-8113'),(911,'Bambie','Edinburough','645-366-1832'),(912,'Yulma','Sabban','634-239-0367'),(913,'Babbette','Margrie','385-848-1342'),(914,'Charissa','Easby','440-629-0915'),(915,'Sidonia','Cleyburn','109-701-1244'),(916,'Veronique','Tibalt','376-527-5956'),(917,'Powell','Hauck','557-262-4934'),(918,'Jenny','McKeand','586-371-1788'),(919,'Myrah','Golightly','407-967-2423'),(920,'Jory','Wadman','634-107-5467'),(921,'Karie','Dresse','646-737-3218'),(922,'Melodie','Arthey','223-890-2790'),(923,'Gardy','Bullough','509-523-6054'),(924,'Kiah','Diament','538-583-6729'),(925,'Fran','Earey','861-284-9344'),(926,'Carl','Ovett','329-583-8894'),(927,'Judi','Campbell-Dunlop','246-228-4925'),(928,'Luciano','Stucksbury','724-840-8983'),(929,'Anthea','Luckey','224-655-9145'),(930,'Butch','Fairrie','547-693-0861'),(931,'Nolie','Corbet','512-968-3770'),(932,'Sheryl','Parell','683-647-7383'),(933,'Janka','Tatersale','811-377-1529'),(934,'Ainslee','Woodman','467-855-6707'),(935,'Kelsi','Johnsson','826-724-8689'),(936,'Hashim','Heditch','293-296-1461'),(937,'Dyna','Broke','553-908-0664'),(938,'Ynez','Whines','607-638-7005'),(939,'Malynda','Guido','536-570-3598'),(940,'Arturo','Scarsbrick','105-213-0152'),(941,'Randal','McClounan','164-279-0146'),(942,'Albie','Briscoe','401-722-2780'),(943,'Scarlett','MacCallester','906-213-4582'),(944,'Sabine','Rogers','693-230-1662'),(945,'Ricardo','Oughtright','973-862-0961'),(946,'Madalyn','Thoresby','618-531-8109'),(947,'Thea','Aizikovitz','472-227-8234'),(948,'Viviana','Haquin','122-338-9198'),(949,'Prudy','Reitenbach','401-631-9320'),(950,'Cart','Burns','895-180-1339'),(951,'Dinny','Seargeant','168-374-4964'),(952,'Rebbecca','McCole','983-824-0830'),(953,'Diena','Mattioni','746-675-2770'),(954,'Gardy','Cansdill','491-229-1973'),(955,'Jermayne','Brunstan','846-887-3214'),(956,'Butch','Gilogly','573-608-4476'),(957,'Taite','Macy','356-673-0209'),(958,'Bianka','Driffield','842-304-1472'),(959,'Ram','Kirwan','604-586-6956'),(960,'Gladys','Duffer','279-488-3689'),(961,'Nikoletta','Mably','787-815-0965'),(962,'Weylin','Motto','467-516-3206'),(963,'Drusi','Hinrichsen','187-615-2553'),(964,'Kassie','Von Der Empten','443-101-6806'),(965,'Casey','Filkin','943-267-8529'),(966,'Nikolai','Wrightim','166-865-7854'),(967,'Kahaleel','Domenge','242-143-7928'),(968,'Arnuad','Panichelli','718-114-6913'),(969,'Donetta','Kirton','754-878-8306'),(970,'Camila','Gribbins','953-417-8150'),(971,'Elvis','Mocker','144-487-3639'),(972,'Atlante','Mouan','790-569-7307'),(973,'Davon','Ley','521-121-5988'),(974,'Fredrika','Corde','900-251-4366'),(975,'Sim','Lucien','194-669-8944'),(976,'Bernita','Dysert','595-784-5170'),(977,'Adelaida','Wase','309-949-2966'),(978,'Selinda','Jenkyn','614-144-0825'),(979,'Penn','Reignolds','875-892-7047'),(980,'Abby','Heppenspall','355-890-5572'),(981,'Aland','Yapp','960-576-3275'),(982,'Milicent','Pooley','374-165-5065'),(983,'Tammie','Erett','161-663-8340'),(984,'Billye','MacPeice','168-264-7604'),(985,'Mason','Rippingale','507-158-0787'),(986,'Melamie','Wogan','456-262-1270'),(987,'Maybelle','Haselhurst','642-399-6563'),(988,'Englebert','Maytom','932-463-8291'),(989,'Algernon','Jamblin','664-938-2622'),(990,'Konrad','Wooller','906-983-6192'),(991,'Dimitri','Hoggan','777-504-4129'),(992,'Conni','Quirk','323-417-9058'),(993,'Frazer','Sabbin','819-128-9836'),(994,'Karney','Cran','239-446-9442'),(995,'Eolande','Woolforde','880-922-7955'),(996,'Kendall','Ellett','628-244-4759'),(997,'Rozelle','Valente','695-396-8564'),(998,'Lenora','Renner','404-700-8834'),(999,'Melantha','Boteman','434-375-0493'),(1000,'Adelina','Lamming','897-752-5694');

CREATE TABLE raca (
  id int NOT NULL,
  nome varchar(40) DEFAULT NULL,
  nivel_cuidados enum('Alto','Médio','Baixo') DEFAULT NULL,
  características varchar(50) DEFAULT NULL,
  PRIMARY KEY (id)
);

INSERT INTO raca VALUES (1,'Akita','Alto','Leal, amigo e brincalhão'),(2,'Basset hound','Alto','Paciente, teimoso e charmoso'),(3,'Beagle','Médio','Alegre, companheiro e aventureiro'),(4,'Bichon frisé','Médio','Brincalhão, curioso e afetivo'),(5,'Boiadeiro australiano','Médio','Alerta, curioso e leal'),(6,'Border collie','Alto','Inteligente, leal e cheio de energia'),(7,'Boston terrier','Médio','Amigável, inteligente e vivaz'),(8,'Boxer','Alto','Leal, afetuoso e brincalhão'),(9,'Buldogue francês','Alto','Carinhoso, leal e brincalhão'),(10,'Buldogue inglês','Alto','Calmo, divertido e dócil'),(11,'Bull terrier','Médio','Travesso, brincalhão e leal'),(12,'Cane corso','Baixo','Protetor, leal e inteligente'),(13,'Cavalier king charles spaniel','Alto','Companheiro, alegre e afetuoso'),(14,'Chihuahua','Médio','Charmoso, animado e atrevido'),(15,'Chow chow','Alto','Calmo, leal e orgulhoso'),(16,'Cocker spaniel inglês','Alto','Alegre, carinhoso e cheio de vida'),(17,'Dachshund','Médio','Corajoso, animado e inteligente'),(18,'Dálmata','Médio','Atlético, protetor e amável'),(19,'Doberman','Médio','Inteligente, leal e protetor'),(20,'Dogo argentino','Médio','Leal, confiável e corajoso'),(21,'Dogue alemão','Alto','Amigável, paciente e dócil'),(22,'Fila brasileiro','Baixo','Companheiro, corajoso e amoroso'),(23,'Golden retriever','Alto','Inteligente, brincalhão e leal'),(24,'Husky siberiano','Médio','Amigável, trabalhador e extrovertido'),(25,'Jack russell terrier','Médio','Amigável, atlético e alerta'),(26,'Labrador retriever','Médio','Inteligente, carinhoso e brincalhão'),(27,'Lhasa apso','Médio','Esperto, confiante e independente'),(28,'Lulu da pomerânia','Médio','Animado, inteligente e cheio de personalidade'),(29,'Maltês','Médio','Gentil, brincalhão e afetuoso'),(30,'Mastiff inglês','Alto','Calmo, amável e leal'),(31,'Mastim tibetano','Alto','Independente, reservado e inteligente'),(32,'Pastor alemão','Alto','Confiante, corajoso e inteligente'),(33,'Pastor australiano','Alto','Esperto, trabalhador e exuberante'),(34,'Pastor de Shetland','Médio','Brincalhão, energético e esperto'),(35,'Pequinês','Médio','Afetuoso, leal e elegante'),(36,'Pinscher','Médio','Brincalhão, carinhoso e protetor'),(37,'Pit bull','Médio','Inteligente, forte e leal'),(38,'Poodle','Médio','Orgulhoso, ativo e inteligente'),(39,'Pug','Alto','Amoroso, temperamental e companheiro'),(40,'Rottweiler','Alto','Protetor, leal e inteligente'),(41,'Schnauzer','Médio','Dócil, leal e companheiro'),(42,'Shar-pei','Alto','Amoroso, companheiro e brincalhão'),(43,'Shiba','Baixo','Independente, leal e alerta'),(44,'Shih tzu','Médio','Carinhoso, brincalhão e encantador'),(45,'Staffordshire bull terrier','Médio','Inteligente, corajoso e determinado'),(46,'Weimaraner','Baixo','Amigável, corajoso e independente'),(47,'Yorkshire','Médio','Destemido, carinhoso e cheio de energia');

CREATE TABLE tipo_servico (
  id int NOT NULL,
  tipo varchar(30) DEFAULT NULL,
  valor decimal(5,2) DEFAULT NULL,
  PRIMARY KEY (id)
);

INSERT INTO tipo_servico VALUES (1,'banho',35.00),(2,'tosa',65.00),(3,'tosa higiênica',40.00),(4,'cauterização',60.00),(5,'hidratação',70.00),(6,'branqueamento',80.00),(7,'escovação especial',50.00),(8,'tratamentos para pele',80.00),(9,'adestramento',100.00);

CREATE TABLE animal (
  id int NOT NULL,
  cliente int DEFAULT NULL,
  nome varchar(20) DEFAULT NULL,
  raca int DEFAULT NULL,
  PRIMARY KEY (id),
  CONSTRAINT fk_animal_cliente FOREIGN KEY (cliente) REFERENCES cliente (id) ON DELETE CASCADE ON UPDATE CASCADE,
  CONSTRAINT fk_animal_raca FOREIGN KEY (raca) REFERENCES raca (id) ON DELETE CASCADE ON UPDATE CASCADE
);

INSERT INTO animal VALUES (1,647,'Abbie',14),(2,615,'Abigail',33),(3,846,'Afrodite',40),(4,169,'Agatha',17),(5,298,'Alice',45),(6,297,'Amada',37),(7,372,'Amarela',45),(8,717,'Amelia',22),(9,90,'Amelie',18),(10,704,'Amy',32),(11,653,'Anabelle',12),(12,293,'Anitta',38),(13,126,'Annie',35),(14,14,'Anny',35),(15,481,'Antonieta',37),(16,753,'Ariadne',29),(17,108,'Ariel',22),(18,158,'Ártemis',34),(19,491,'Atena',32),(20,73,'Aurora',40),(21,164,'Austen',19),(22,339,'Babalu',17),(23,97,'Baixinha',19),(24,534,'Barbie',29),(25,438,'Belle',1),(26,210,'Berenice',24),(27,617,'Beth',43),(28,287,'Bianca',7),(29,223,'Blanca',11),(30,902,'Bonita',14),(31,627,'Branca',18),(32,235,'Brigitte',36),(33,325,'Brisa',15),(34,66,'Bruxa',43),(35,759,'Camila',5),(36,504,'Candace',10),(37,790,'Capitã',15),(38,808,'Carmen',42),(39,99,'Carol',45),(40,585,'Centopeia',32),(41,182,'Ceres',28),(42,739,'Charlote',10),(43,378,'Chelsea',5),(44,555,'Cher',38),(45,991,'Chica',13),(46,951,'Chippy',15),(47,916,'Christie',46),(48,179,'Cindy',9),(49,23,'Cinthia',15),(50,119,'Cléo',1),(51,103,'Clo',37),(52,490,'Colmeia',27),(53,252,'Cora',5),(54,433,'Coral',2),(55,790,'Daisy',44),(56,229,'Daisy',8),(57,176,'Dani',11),(58,730,'Debby',43),(59,35,'Deedee',26),(60,312,'Dengosa',26),(61,897,'Dentuça',8),(62,22,'Didi',47),(63,354,'Dolly',33),(64,531,'Dona',4),(65,820,'Dora',4),(66,324,'Duda',7),(67,553,'Elisa',4),(68,119,'Elô',34),(69,869,'Emilia',16),(70,364,'Emily',10),(71,587,'Emma',2),(72,828,'Emme',16),(73,760,'Estrela',35),(74,52,'Eva',31),(75,561,'Evy',26),(76,798,'Fada',25),(77,491,'Fancy',19),(78,3,'Favela',45),(79,781,'Filó',36),(80,93,'Filomena',45),(81,746,'Flor',11),(82,882,'Flora',44),(83,919,'Frida',11),(84,130,'Funny',4),(85,943,'Gaia',12),(86,372,'Gaya',21),(87,999,'Giga',41),(88,374,'Gigi',19),(89,134,'Gil',3),(90,105,'Gilda',38),(91,420,'Gorda',36),(92,864,'Gordinha',11),(93,436,'Gretha',21),(94,294,'Guiga',18),(95,911,'Hannah',18),(96,958,'Harley',36),(97,746,'Hera',43),(98,128,'Hilda',21),(99,357,'Illy',47),(100,555,'Imperatriz',5),(101,570,'Indie',16),(102,922,'Ira',26),(103,502,'Isa',40),(104,26,'Isis',44),(105,282,'Issie',6),(106,267,'Izis',9),(107,284,'Jade',22),(108,429,'Janice',1),(109,153,'jaque',40),(110,27,'Joana',18),(111,791,'Jojo',2),(112,236,'Jolie',6),(113,652,'Juju',6),(114,391,'Julia',44),(115,275,'Julieta',30),(116,705,'Julika',37),(117,486,'Jully',44),(118,532,'Jya',10),(119,614,'Kate',4),(120,54,'Katê',30),(121,556,'Kiara',37),(122,872,'Kika',37),(123,977,'Kiki',1),(124,709,'Kim',14),(125,113,'Kimberly',25),(126,186,'Kitty',12),(127,297,'Klaus',9),(128,680,'Lady',43),(129,330,'Laila',23),(130,981,'Lana',2),(131,571,'Lara',8),(132,549,'Lauren',40),(133,635,'Lea',42),(134,50,'Leia',37),(135,998,'Leoa',21),(136,933,'Lia',24),(137,449,'Lila',37),(138,457,'Lili',24),(139,726,'Lilica',8),(140,636,'Lilly',9),(141,73,'Liloca',43),(142,886,'Linda',35),(143,915,'Lizzy',11),(144,766,'Lizzy',37),(145,63,'Lola',45),(146,582,'Lolita',18),(147,895,'Lua',2),(148,705,'Lulu',20),(149,771,'Luna',46),(150,222,'Luz',2),(151,883,'Lygia',27),(152,750,'Madalena',47),(153,787,'Madonna',26),(154,921,'Maga',20),(155,583,'Maggie',23),(156,491,'Malcom',1),(157,177,'Mammy',42),(158,525,'Marge',32),(159,237,'Margô',30),(160,262,'Mari',11),(161,917,'Maria',5),(162,187,'Mary',23),(163,299,'Marylin',32),(164,340,'Maya',21),(165,156,'Meg',33),(166,709,'Mel',31),(167,903,'Mell',36),(168,784,'Melody',29),(169,935,'Menina',42),(170,396,'Mica',14),(171,995,'Mika',12),(172,511,'Milayde',34),(173,66,'Mimi',33),(174,151,'Minerva',27),(175,751,'Miss',21),(176,245,'Molly',1),(177,377,'Mônica',40),(178,8,'Mozi',15),(179,696,'Muriel',25),(180,526,'Nanny',23),(181,36,'Nevada',18),(182,233,'Neve',5),(183,231,'Nuvem',40),(184,127,'Olivia',27),(185,463,'Olívia',17),(186,669,'Ophelia',5),(187,283,'Pança',22),(188,1,'Pandora',8),(189,638,'Pantera',9),(190,924,'Pantufa',13),(191,115,'Patuda',42),(192,360,'Paty',33),(193,258,'Pelúcia',45),(194,767,'Penélope',23),(195,667,'Penny',2),(196,264,'Peteca',46),(197,400,'Petit',21),(198,662,'Petúnia',44),(199,563,'Pilar',9),(200,247,'Pinky',15),(201,110,'Pintada',33),(202,559,'Pipa',30),(203,960,'Pipper',46),(204,289,'Pitty',30),(205,709,'Pitu',34),(206,31,'Polly',45),(207,748,'Preguiça',45),(208,176,'Quica',6),(209,240,'Quincy',31),(210,385,'Rebeca',17),(211,233,'Regina',16),(212,557,'Roxy',4),(213,715,'Rubi',20),(214,157,'Ruth',21),(215,212,'Sabrina',10),(216,208,'Sally',35),(217,116,'Salsa',12),(218,485,'Samambaia',42),(219,753,'Sammy',13),(220,273,'Sandy',29),(221,624,'Sankara',47),(222,536,'Sapeca',46),(223,686,'Sasha',22),(224,340,'Savanah',32),(225,261,'Scarlet',39),(226,552,'Shiny',23),(227,13,'Shirly',31),(228,912,'Sissi',4),(229,891,'Sol',9),(230,99,'Soninho',2),(231,540,'Sophie',28),(232,989,'Sorte',20),(233,869,'Stella',30),(234,524,'Sue',41),(235,523,'Suhuri',45),(236,363,'Sury',31),(237,573,'Susy',5),(238,262,'Sweet',45),(239,745,'Texy',1),(240,968,'Tica',20),(241,308,'Tiffany',18),(242,228,'Tiny',47),(243,326,'Tulipa',7),(244,542,'Ursa',19),(245,77,'Vênus',31),(246,498,'Vic',5),(247,422,'Vida',11),(248,313,'Vitória',4),(249,11,'Vivi',13),(250,518,'Wendy',14),(251,751,'Xuxa',30),(252,461,'Yala',47),(253,124,'Yaya',17),(254,559,'Zara',26),(255,499,'Zazá',40),(256,428,'Zoe',21),(257,757,'Zoé',25),(258,532,'Zyla',13),(259,109,'Afonso',2),(260,691,'Akin',36),(261,220,'Alegria',18),(262,629,'Alfredo',42),(263,774,'Algodão',22),(264,332,'Alvin',19),(265,659,'Amarelo',7),(266,847,'Amor',11),(267,277,'anjo',19),(268,248,'Antônio',37),(269,744,'Anubis',34),(270,577,'Argos',46),(271,875,'Aslam',28),(272,100,'Astolfo',10),(273,225,'Astor',28),(274,861,'Atlas',29),(275,47,'Avatar',2),(276,269,'Aventura',46),(277,459,'Baco',30),(278,713,'Baltazar',38),(279,912,'Balu',35),(280,381,'Banofre',39),(281,792,'Barney',3),(282,675,'Barthô',7),(283,793,'Bartholomeu',24),(284,708,'Baruch',46),(285,150,'Beloz',26),(286,786,'Ben',37),(287,764,'Benjamin',42),(288,32,'Benny',24),(289,309,'Bento',32),(290,364,'Bernardo',2),(291,956,'Berth',37),(292,999,'Bethoven',37),(293,606,'Beto',20),(294,550,'Bigode',23),(295,752,'Billy',28),(296,570,'Bisnaga',5),(297,201,'Bob',16),(298,214,'Bono',21),(299,346,'Boris',26),(300,754,'Brad',13),(301,665,'Bruce',47),(302,943,'Buck',9),(303,509,'Buzz',26),(304,686,'Caca',34),(305,765,'Caco',38),(306,185,'Cadu',11),(307,385,'Camarada',19),(308,144,'Carlos',24),(309,790,'Certa',10),(310,930,'Charles',42),(311,299,'Cheiroso',30),(312,778,'Chester',2),(313,451,'Chicão',21),(314,580,'Chico',40),(315,444,'Chilly',8),(316,448,'Chiquinho',34),(317,926,'Chuchu',6),(318,604,'Cícero',16),(319,977,'Claudio',46),(320,977,'Dave',11),(321,937,'David',33),(322,393,'Dede',11),(323,656,'Dengoso',13),(324,313,'Dexter',37),(325,619,'Dino',43),(326,771,'Doug',21),(327,231,'Dudu',25),(328,4,'Duke',10),(329,86,'Eddie',15),(330,566,'Edu',42),(331,642,'Elliot',25),(332,831,'Espoleta',11),(333,619,'Falcão',9),(334,466,'Fantasma',7),(335,844,'Felipe',39),(336,940,'Floc',18),(337,515,'Floco',6),(338,1,'Foca',34),(339,28,'Forrest',46),(340,642,'Francisco',24),(341,254,'Fred',13),(342,130,'Freddy',34),(343,853,'Frederico',20),(344,909,'Freud',22),(345,493,'Fritz',34),(346,711,'Furacão',34),(347,21,'George',22),(348,593,'Gepeto',44),(349,277,'Geraldo',13),(350,682,'Girafa',27),(351,250,'Gordo',25),(352,648,'Greco',9),(353,297,'Greg',22),(354,336,'Guga',42),(355,143,'Gui',16),(356,584,'Gunther',11),(357,427,'Guto',17),(358,363,'Half',14),(359,412,'Holly',17),(360,763,'Hugo',30),(361,129,'Hunter',45),(362,988,'Igor',23),(363,398,'Izzy',33),(364,774,'Jack',10),(365,558,'Jake',31),(366,384,'James',23),(367,958,'Jimmy',8),(368,194,'João',22),(369,874,'Joaquim',10),(370,228,'Joca',8),(371,531,'Joe',45),(372,755,'Joey',9),(373,43,'John',43),(374,734,'Johnny',19),(375,217,'Jon',38),(376,826,'Jonas',46),(377,853,'Jordan',19),(378,14,'Jorge',29),(379,156,'Joseph',15),(380,462,'Josh',20),(381,950,'Juca',1),(382,97,'Justin',41),(383,50,'Kadu',19),(384,940,'Kaká',1),(385,73,'Keime',6),(386,108,'Kevin',10),(387,543,'Kiko',13),(388,516,'Kim',26),(389,988,'Koda',36),(390,767,'Leão',7),(391,269,'Lebron',23),(392,785,'Lee',21),(393,542,'Leonard',7),(394,578,'Leonardo',2),(395,239,'Liam',29),(396,691,'Lobo',36),(397,227,'Lorde',20),(398,76,'Lorde',40),(399,164,'Lucca',20),(400,525,'Luck',38),(401,947,'Luiz',19),(402,161,'Mago',16),(403,535,'Marcel',18),(404,214,'Marte',21),(405,631,'Marvin',40),(406,838,'Max',12),(407,959,'Michael',36),(408,690,'Miguel',15),(409,500,'Mike',47),(410,826,'Millo',36),(411,757,'Murphy',37),(412,78,'Naldo',20),(413,612,'Nick',34),(414,762,'Nicolau',33),(415,865,'Nietzsche',14),(416,293,'Nilo',45),(417,703,'Nino',7),(418,784,'Noah',3),(419,280,'Noel',37),(420,631,'Oliver',39),(421,561,'Onix',32),(422,174,'Oreo',5),(423,861,'Oscar',36),(424,692,'Otto',5),(425,571,'Owen',38),(426,348,'Ozzy',19),(427,35,'Pablo',21),(428,277,'Paco',6),(429,144,'Palito',27),(430,149,'Pancho',12),(431,580,'Panda',41),(432,42,'Paulo',45),(433,491,'Peralta',47),(434,156,'Petter',26),(435,399,'Pierre',39),(436,270,'Pirata',43),(437,846,'Pirilampo',18),(438,668,'Pluma',40),(439,993,'Polar',20),(440,501,'Radar',33),(441,317,'Rafik',5),(442,599,'Raul',25),(443,53,'Rick',16),(444,893,'Rico',26),(445,896,'Ringo',8),(446,693,'Rocco',36),(447,795,'Roger',43),(448,477,'Romeu',27),(449,475,'Ross',26),(450,83,'Russo',20),(451,130,'Sam',46),(452,745,'Sammy',25),(453,126,'Sbastian',27),(454,673,'Scott',40),(455,705,'Simon',46),(456,420,'Soneca',19),(457,800,'Sorriso',4),(458,517,'Steven',13),(459,681,'Tadeu',14),(460,405,'Tango',47),(461,604,'Tarot',29),(462,388,'Tato',32),(463,633,'Ted',5),(464,345,'Teddy',2),(465,844,'Theo',37),(466,915,'Thi',17),(467,48,'Tião',31),(468,939,'Tobias',14),(469,731,'Tom',35),(470,583,'Tomas',8),(471,90,'Tommy',36),(472,713,'Tonico',16),(473,463,'Tony',2),(474,715,'Totó',15),(475,415,'Travolta',3),(476,892,'Trovão',27),(477,132,'Tutti',37),(478,237,'Tyron',11),(479,563,'Uggy',16),(480,228,'Urso',44),(481,210,'Valente',26),(482,858,'Vicente',14),(483,924,'Volpi',35),(484,526,'Watson',14),(485,478,'Will',24),(486,651,'Willow',6),(487,380,'Wolf',9),(488,587,'Woody',5),(489,643,'Xarope',12),(490,703,'Xodó',28),(491,343,'Yago',25),(492,170,'Yang',24),(493,804,'Yoshi',34),(494,251,'Yummy',43),(495,10,'Yuri',2),(496,599,'Zack',19),(497,798,'Zé',22),(498,550,'Zeca',24),(499,949,'Zequinha',13),(500,623,'Zica',41),(501,772,'Ziggi',16),(502,927,'Zorro',14),(503,151,'Zuzu',27),(504,396,'Zyon',19),(505,34,'Aladdin',37),(506,193,'Baloo',10),(507,570,'Bambi',11),(508,175,'Banguela',25),(509,596,'Barney',39),(510,491,'Bart',41),(511,315,'Batman',34),(512,412,'Batman',40),(513,102,'Bingo',45),(514,957,'Calvin',47),(515,225,'Chandler',43),(516,815,'Coringa',7),(517,901,'Elsa',14),(518,859,'Elvis',46),(519,81,'Félix',36),(520,743,'Hércules',9),(521,683,'Homer',2),(522,567,'Joey',19),(523,718,'Krusty',14),(524,110,'Marley',15),(525,9,'Merlin',35),(526,456,'Mickey',9),(527,438,'Nemo',25),(528,147,'Olaf',26),(529,17,'Peppa',2),(530,329,'Pingo',41),(531,817,'Pongo',29),(532,82,'Pooh',12),(533,66,'Popeye',40),(534,401,'Puff',20),(535,526,'Pumba',20),(536,317,'Quixote',15),(537,557,'Robin',18),(538,295,'Simba',39),(539,931,'Taz',35),(540,211,'Tom',28),(541,877,'Capitu',8),(542,855,'Cleópata',22),(543,351,'Dalila',2),(544,344,'Diana',3),(545,345,'Cersei',6),(546,701,'Phoebe',46),(547,511,'Lisa',30),(548,681,'Moana',30),(549,21,'Tina',38),(550,440,'Dory',28),(551,707,'Minnie',44),(552,941,'Rachel',39),(553,9,'Mulan',33),(554,176,'Rapunzel',46),(555,528,'Úrsula',7),(556,300,'Matilda',44),(557,819,'Magali',37),(558,539,'Ariel',22),(559,413,'Dama',18),(560,51,'Cinderela',16),(561,947,'Fiona',15),(562,993,'Lindinha',23),(563,221,'Tiana',39),(564,368,'Florzinha',13),(565,317,'Pocahontas',27),(566,615,'Meg',1),(567,499,'Mafalda',26),(568,711,'Nikita',10),(569,46,'Jasmine',41),(570,985,'Maggie',37),(571,513,'Bela',44),(572,118,'Anna',6),(573,144,'Docinho',26),(574,785,'Wendy',34),(575,322,'Vanellope',21),(576,91,'Merida',19),(577,659,'Audrey',3),(578,486,'Barão',1),(579,326,'Chanel',15),(580,187,'Chloé',16),(581,16,'Cristal',9),(582,850,'Diva',23),(583,695,'Dollar',3),(584,539,'Dom',2),(585,776,'Duque',11),(586,451,'Duquesa',46),(587,970,'Embaixador',26),(588,60,'Gucci',31),(589,673,'Hermès',2),(590,162,'Jóia',30),(591,239,'Lord',15),(592,426,'Mercedes',13),(593,387,'Mikonos',8),(594,774,'Paris',41),(595,511,'Pérola',31),(596,253,'Prada',42),(597,304,'Princess',14),(598,331,'Príncipe',10),(599,564,'Rei',37),(600,314,'Rubi',18),(601,851,'Sheik',11),(602,761,'Sultão',30),(603,24,'Baby',6),(604,517,'Bebê',36),(605,621,'Bolinha',44),(606,992,'Bolinho',10),(607,624,'Broto',40),(608,399,'Cute',21),(609,735,'Formiga',36),(610,535,'Gota',19),(611,168,'Gui',4),(612,186,'Junior',42),(613,967,'Leo',15),(614,51,'Leve',31),(615,158,'Lulu',40),(616,604,'Mirim',44),(617,714,'Mosca',18),(618,336,'Nanico',15),(619,488,'Pepe',15),(620,960,'Pequeno',20),(621,743,'Petit',3),(622,991,'Piece',23),(623,159,'Pitico',19),(624,910,'Pitoco',12),(625,284,'Pluma',21),(626,840,'Pocket',17),(627,526,'Pompom',12),(628,530,'Ponto',37),(629,891,'Pulga',2),(630,22,'Puppy',29),(631,198,'Tico',7),(632,63,'Toy',37),(633,64,'Apolo',45),(634,987,'Atila',36),(635,871,'Bolota',38),(636,52,'Bomba',42),(637,203,'Brutus',25),(638,410,'Eros',46),(639,870,'Feroz',3),(640,103,'Grande',15),(641,953,'Hulk',21),(642,561,'Iron',46),(643,180,'Jason',13),(644,308,'Logan',38),(645,152,'Montanha',30),(646,418,'Ogro',11),(647,766,'Patrão',11),(648,173,'Pit',43),(649,425,'Rambo',34),(650,632,'Rex',39),(651,195,'Rocky',43),(652,457,'Ruffus',19),(653,133,'Sansão',18),(654,844,'Spike',29),(655,946,'Thor',41),(656,265,'Touro',46),(657,747,'Trovão',8),(658,323,'Tufão',31),(659,539,'Tyson',11),(660,373,'Whey',37),(661,452,'Zandor',30),(662,832,'Zeus',28),(663,61,'Açaí',13),(664,745,'Acerola',40),(665,253,'Açúcar',35),(666,93,'Alecrim',22),(667,217,'Almôndega',45),(668,105,'Amendoim',36),(669,221,'Amora',10),(670,349,'Arroz',42),(671,230,'Avelã',31),(672,25,'Azeitona',10),(673,689,'Bacon',25),(674,907,'Bala',4),(675,733,'Batata',20),(676,5,'Baunilha',1),(677,585,'Beijinho',13),(678,994,'Bife',8),(679,207,'Biscoito',29),(680,803,'Bisteca',18),(681,425,'Blueberry',24),(682,419,'Bombom',45),(683,372,'Brigadeiro',11),(684,477,'Brócolis',41),(685,132,'Brownie',38),(686,795,'Cacau',30),(687,745,'Cachaça',23),(688,502,'Caju',40),(689,706,'caramelo',14),(690,63,'Castanha',13),(691,590,'Cerveja',22),(692,138,'Chantily',47),(693,569,'Chiclé',20),(694,596,'Chocolate',27),(695,158,'Chocolate',20),(696,131,'Chopp',19),(697,951,'Coca',38),(698,641,'Cocada',36),(699,187,'Coquinho',1),(700,469,'Couve',35),(701,854,'Coxinha',2),(702,2,'Danone',33),(703,850,'Doce',9),(704,861,'Farofa',17),(705,132,'Feijão',36),(706,958,'Franboesa',44),(707,993,'Fubá',25),(708,309,'Geleia',22),(709,541,'Gim',23),(710,784,'Granola',40),(711,569,'Guaraná',47),(712,900,'Jaca',5),(713,524,'Jujuba',10),(714,734,'ketchup',24),(715,935,'Kiwi',34),(716,713,'Maçã',4),(717,425,'Melancia',27),(718,931,'Melão',17),(719,431,'Milho',10),(720,436,'Milk',13),(721,786,'Milkshake',26),(722,520,'Mingau',20),(723,595,'Miojo',27),(724,625,'Mirtilo',17),(725,326,'Morango',43),(726,484,'Mostarda',41),(727,917,'Nacho',8),(728,726,'Negresco',22),(729,245,'Nescau',20),(730,753,'Nutella',19),(731,448,'Paçoca',38),(732,374,'Panqueca',31),(733,870,'Patê',41),(734,111,'Pimenta',21),(735,529,'Pinga',2),(736,692,'Pipoca',17),(737,335,'Pitanga',27),(738,80,'Pizza',41),(739,91,'Pudim',47),(740,83,'Quindim',45),(741,405,'Quindin',20),(742,382,'Quinoa',22),(743,313,'Salsicha',12),(744,747,'Sardinha',16),(745,328,'Sashimi',46),(746,558,'Sukita',44),(747,799,'Sushi',18),(748,909,'Tapioca',33),(749,46,'Tequila',41),(750,288,'Toddy',21),(751,363,'Tofu',9),(752,340,'Tomate',38),(753,966,'Trufa',27),(754,163,'Vanilla',27),(755,924,'Vinho',40),(756,925,'Vodca',6),(757,924,'Waffle',2),(758,179,'Whisky',33),(759,500,'Angel',24),(760,612,'Baby',12),(761,855,'Beach',11),(762,526,'Beauty',21),(763,864,'Blackberry',10),(764,12,'Blondie',7),(765,457,'Blue',47),(766,630,'Bolt',18),(767,774,'Bond',37),(768,33,'Bubble',15),(769,757,'Cherry',12),(770,802,'Cinnamon',32),(771,597,'Cookie',13),(772,901,'Dakota',42),(773,659,'Dark',18),(774,656,'Diamond',8),(775,849,'Dudde',26),(776,237,'Fly',33),(777,924,'Fox',19),(778,693,'Friends',30),(779,259,'Ginger',9),(780,959,'Gold',9),(781,249,'Gypsy',17),(782,703,'Happy',11),(783,436,'Heaven',32),(784,191,'Honey',4),(785,996,'Hope',25),(786,386,'Hug',5),(787,610,'Ice',5),(788,211,'King',28),(789,757,'Lion',13),(790,288,'Love',4),(791,948,'Lucky',19),(792,941,'Misty',27),(793,910,'Moon',16),(794,468,'Muffin',2),(795,26,'Nanny',1),(796,744,'Ocean',45),(797,753,'Pepper',37),(798,619,'Pretty',40),(799,574,'Queen',30),(800,163,'Rock',9),(801,765,'Show',32),(802,273,'Snikers',45),(803,781,'Snow',47),(804,235,'Star',30),(805,692,'Sugar',39),(806,678,'Sun',15),(807,500,'Sunshine',34),(808,773,'Sweet',28),(809,830,'Thunder',43),(810,359,'Tiger',37),(811,103,'Twister',4),(812,587,'Vine',29),(813,856,'Violet',10),(814,296,'Young',5),(815,377,'Adama',29),(816,509,'Aeryn',29),(817,935,'Alisha',26),(818,420,'Amy',32),(819,841,'Anakin',10),(820,18,'Annie',29),(821,356,'Apple',26),(822,77,'Arthur',20),(823,573,'Arwen',43),(824,141,'Ash',47),(825,837,'ÁtomoSmeagle',45),(826,428,'Backup',27),(827,39,'BArbarella',46),(828,464,'Bella',16),(829,401,'Bernadette',10),(830,555,'Beta',33),(831,680,'Bilbo',17),(832,889,'Bill Gates',24),(833,86,'Bitcoin',11),(834,393,'Bite',30),(835,800,'Blade',37),(836,159,'Buffy',10),(837,629,'Cometa',12),(838,290,'Cordelia',36),(839,11,'Cupertino',42),(840,731,'Daenerys',26),(841,212,'Darwin',41),(842,756,'Diana',46),(843,783,'Download',29),(844,284,'Eames',5),(845,434,'Echo',16),(846,728,'Elrond',44),(847,492,'Eomer',18),(848,32,'Eowin',9),(849,467,'Eureka',25),(850,730,'Falcon',21),(851,92,'Famine',23),(852,414,'Felicity',38),(853,841,'Firestar',45),(854,867,'Flash',44),(855,978,'Frodo',15),(856,180,'Galadriel',28),(857,181,'Galia',46),(858,676,'Galileu',3),(859,989,'Gandalf',25),(860,526,'Gideon',27),(861,769,'Gimli',30),(862,119,'Goblin',19),(863,48,'Goblin',25),(864,32,'Goku',14),(865,570,'Gollum',35),(866,512,'Gressill',21),(867,556,'Groot',10),(868,463,'Guardian',13),(869,899,'Hacker',5),(870,781,'Halley',34),(871,934,'Han Solo',18),(872,459,'Harry',47),(873,917,'Hermione',6),(874,594,'Hex',9),(875,173,'Hobbit',37),(876,736,'Howard',26),(877,230,'HQ',47),(878,770,'Isaac',39),(879,629,'Jon Snow',17),(880,81,'Kenzi',24),(881,515,'Leela',3),(882,643,'Leeta',38),(883,867,'Legolas',7),(884,961,'Link',4),(885,720,'Lizzie',26),(886,577,'Lois',43),(887,500,'Loki',15),(888,191,'Lorna',8),(889,53,'Luke',32),(890,451,'Mac',27),(891,462,'Magneto',4),(892,817,'Mary Jane',22),(893,419,'Melinda',40),(894,440,'Merry',28),(895,878,'Morgana',20),(896,540,'Naruto',37),(897,997,'Neo',20),(898,392,'Newton',17),(899,216,'Odin',28),(900,477,'Ord',33),(901,371,'Overlord',5),(902,876,'Paladin',5),(903,772,'Penny',47),(904,910,'Phantom',25),(905,328,'Pikachu',22),(906,829,'Pippin',23),(907,558,'Proteus',5),(908,799,'Quasar',28),(909,262,'Raj',29),(910,214,'Ruby',16),(911,778,'Sakura',39),(912,658,'Saruman',43),(913,502,'Shalimar',38),(914,544,'Sheldon',23),(915,274,'Sherlock',44),(916,395,'SookieSelene',30),(917,606,'Spam',19),(918,456,'Spider',39),(919,737,'Spock',35),(920,875,'StarkTrinity',22),(921,304,'Steve',35),(922,953,'Storm',34),(923,410,'Uhura',28),(924,964,'Umar',18),(925,487,'Unus',32),(926,621,'Uther',23),(927,924,'Valkyrie',45),(928,317,'Vampiro',28),(929,958,'Vector',34),(930,492,'Veda',19),(931,668,'Venom',41),(932,991,'Venus',20),(933,74,'Viper',33),(934,475,'Wanda',38),(935,314,'Warbird',46),(936,220,'Wasp',1),(937,822,'Web',34),(938,904,'Wolverine',44),(939,44,'Worf',40),(940,292,'Xena',3),(941,7,'Xev',37),(942,891,'Yoda',31),(943,249,'Zarda',39),(944,342,'Zeigeist',5),(945,256,'Zelda',6),(946,751,'Zod',44),(947,208,'Zodiak',2),(948,492,'Zombie',32),(949,355,'Ace',24),(950,583,'Agnes',4),(951,44,'Archie',35),(952,942,'Bailey',32),(953,439,'Balto',45),(954,55,'Bandit',26),(955,569,'Banzé',13),(956,436,'Bear',20),(957,858,'Beethoven',4),(958,511,'Beji',13),(959,487,'Bethoven',46),(960,212,'Bidu',41),(961,880,'Bingo',14),(962,743,'Bolt',29),(963,605,'Buck',12),(964,355,'Bud',6),(965,849,'Charlie',17),(966,474,'Cheddar',32),(967,345,'Coragem',32),(968,873,'Costelinha',21),(969,482,'Cujo',37),(970,536,'Dama',21),(971,322,'Dante',32),(972,127,'Engraxate',25),(973,663,'Enzo',44),(974,655,'Fang',5),(975,45,'Frank',38),(976,157,'Hachi',39),(977,773,'Hachiko',10),(978,883,'Hooch',21),(979,745,'K9',21),(980,414,'Lassie',18),(981,307,'Marley',10),(982,634,'Marmaduke',28),(983,917,'Mutley',41),(984,607,'Napoleão',6),(985,74,'Oddie',31),(986,357,'Pateta',44),(987,421,'Paul Anka',22),(988,42,'Percy',3),(989,840,'Pluto',16),(990,814,'Pongo',38),(991,731,'Prenda',45),(992,6,'Priscila',22),(993,55,'Purdy',37),(994,544,'Rabito',20),(995,518,'Rin-Tin-Tin',25),(996,545,'Sam',41),(997,140,'Scooby',47),(998,170,'Shiloh',28),(999,357,'Slink',43),(1000,922,'Snoopy',32),(1001,287,'Spot',25),(1002,108,'Toby',16),(1003,151,'Toto',44),(1004,399,'Vagabundo',7),(1005,337,'Verdell',19),(1006,348,'Vicent',27),(1007,911,'Winn-Dixie',27),(1008,89,'Yeller',29);

CREATE TABLE servico (
  id int NOT NULL,
  animal int DEFAULT NULL,
  tipo_servico int DEFAULT NULL,
  data date DEFAULT NULL,
  pago bit(1) DEFAULT NULL,
  PRIMARY KEY (id),
  CONSTRAINT fk_servico_animal FOREIGN KEY (animal) REFERENCES animal (id) ON DELETE CASCADE ON UPDATE CASCADE,
  CONSTRAINT fk_servico_tp FOREIGN KEY (tipo_servico) REFERENCES tipo_servico (id) ON DELETE CASCADE ON UPDATE CASCADE
);

INSERT INTO servico VALUES (1,200,5,'2020-12-01',1),(2,500,6,'2020-11-25',0),(3,121,2,'2020-10-05',0),(4,732,8,'2020-01-04',0),(5,396,6,'2020-01-05',0),(6,123,8,'2020-01-06',1),(7,135,5,'2020-01-07',0),(8,148,6,'2020-01-08',0),(9,694,6,'2020-01-09',0),(10,403,5,'2020-01-10',0),(11,561,2,'2020-01-11',1),(12,587,5,'2020-01-12',0),(13,767,7,'2020-01-13',0),(14,620,4,'2020-01-14',1),(15,943,2,'2020-01-15',1),(16,630,6,'2020-01-16',0),(17,340,6,'2020-01-17',1),(18,518,3,'2020-01-18',1),(19,25,2,'2020-01-19',1),(20,150,8,'2020-01-20',1),(21,769,6,'2020-01-21',0),(22,429,2,'2020-01-22',1),(23,475,2,'2020-01-23',0),(24,994,2,'2020-01-24',0),(25,402,1,'2020-01-25',0),(26,138,6,'2020-01-26',0),(27,618,4,'2020-01-27',0),(28,204,2,'2020-01-28',0),(29,203,6,'2020-01-29',0),(30,972,7,'2020-01-30',0),(31,662,5,'2020-01-31',1),(32,854,8,'2020-02-01',0),(33,466,4,'2020-02-02',0),(34,319,1,'2020-02-03',1),(35,462,3,'2020-02-04',0),(36,495,8,'2020-02-05',1),(37,280,6,'2020-02-06',0),(38,724,6,'2020-02-07',1),(39,148,1,'2020-02-08',1),(40,568,5,'2020-02-09',0),(41,270,4,'2020-02-10',1),(42,129,7,'2020-02-11',0),(43,612,1,'2020-02-12',1),(44,980,3,'2020-02-13',1),(45,629,7,'2020-02-14',0),(46,784,8,'2020-02-15',1),(47,748,3,'2020-02-16',1),(48,768,2,'2020-02-17',1),(49,307,1,'2020-02-18',0),(50,713,4,'2020-02-19',1),(51,729,6,'2020-02-20',0),(52,103,2,'2020-02-21',0),(53,279,5,'2020-02-22',1),(54,39,7,'2020-02-23',0),(55,661,1,'2020-02-24',1),(56,828,6,'2020-02-25',0),(57,217,4,'2020-02-26',1),(58,806,8,'2020-02-27',0),(59,537,7,'2020-02-28',1),(60,920,5,'2020-02-29',0),(61,295,6,'2020-03-01',0),(62,710,1,'2020-03-02',1),(63,662,2,'2020-03-03',0),(64,31,8,'2020-03-04',1),(65,903,4,'2020-03-05',0),(66,468,8,'2020-03-06',0),(67,88,6,'2020-03-07',1),(68,722,1,'2020-03-08',0),(69,732,5,'2020-03-09',1),(70,99,3,'2020-03-10',1),
(71,182,5,'2020-03-11',1),(72,837,3,'2020-03-12',1),(73,864,7,'2020-03-13',0),(74,116,5,'2020-03-14',1),(75,220,2,'2020-03-15',1),(76,243,6,'2020-03-16',0),(77,659,5,'2020-03-17',0),(78,632,7,'2020-03-18',1),(79,488,6,'2020-03-19',0),(80,992,8,'2020-03-20',1),(81,362,7,'2020-03-21',0),(82,164,8,'2020-03-22',1),(83,995,5,'2020-03-23',1),(84,921,1,'2020-03-24',1),(85,80,8,'2020-03-25',0),(86,510,7,'2020-03-26',1),(87,561,6,'2020-03-27',0),(88,527,5,'2020-03-28',1),(89,316,1,'2020-03-29',1),(90,47,5,'2020-03-30',1),(91,337,5,'2020-03-31',1),(92,546,8,'2020-04-01',1),(93,289,4,'2020-04-02',1),(94,278,6,'2020-04-03',0),(95,617,4,'2020-04-04',0),(96,911,8,'2020-04-05',1),(97,138,8,'2020-04-06',1),(98,392,4,'2020-04-07',1),(99,904,5,'2020-04-08',1),(100,1004,3,'2020-04-09',0),(101,656,8,'2020-04-10',0),(102,575,7,'2020-04-11',0),(103,752,1,'2020-04-12',1),(104,551,3,'2020-04-13',1),(105,522,1,'2020-04-14',0),(106,549,8,'2020-04-15',1),(107,119,4,'2020-04-16',1),(108,138,6,'2020-04-17',0),(109,991,4,'2020-04-18',1),(110,142,7,'2020-04-19',0),(111,438,2,'2020-04-20',1),(112,879,3,'2020-04-21',1),(113,712,2,'2020-04-22',0),(114,552,5,'2020-04-23',1),(115,447,8,'2020-04-24',0),(116,995,4,'2020-04-25',0),(117,975,1,'2020-04-26',1),(118,850,6,'2020-04-27',0),(119,931,7,'2020-04-28',0),(120,787,2,'2020-04-29',0),(121,558,2,'2020-04-30',1),(122,846,5,'2020-05-01',0),(123,960,7,'2020-05-02',0),(124,157,7,'2020-05-03',1),(125,324,3,'2020-05-04',0),(126,211,3,'2020-05-05',0),(127,522,8,'2020-05-06',1),(128,872,4,'2020-05-07',0),(129,227,6,'2020-05-08',1),(130,584,2,'2020-05-09',1),(131,136,6,'2020-05-10',0),(132,225,4,'2020-05-11',1),(133,104,4,'2020-05-12',0),(134,155,4,'2020-05-13',1),(135,360,6,'2020-05-14',0),(136,660,4,'2020-05-15',0),(137,680,6,'2020-05-16',1),(138,599,8,'2020-05-17',0),(139,840,1,'2020-05-18',0),(140,189,5,'2020-05-19',1),(141,690,4,'2020-05-20',0),(142,416,3,'2020-05-21',0),(143,357,7,'2020-05-22',0),(144,983,2,'2020-05-23',0),(145,102,7,'2020-05-24',0),(146,52,2,'2020-05-25',1),(147,135,7,'2020-05-26',1),(148,215,3,'2020-05-27',1),(149,701,5,'2020-05-28',0),(150,883,5,'2020-05-29',0),(151,132,7,'2020-05-30',1),(152,735,6,'2020-05-31',0),(153,165,6,'2020-06-01',0),(154,282,2,'2020-06-02',0),(155,475,3,'2020-06-03',1),(156,40,4,'2020-06-04',0),(157,95,5,'2020-06-05',0),(158,880,4,'2020-06-06',0),(159,79,2,'2020-06-07',1),(160,790,6,'2020-06-08',1),(161,917,1,'2020-06-09',0),(162,915,6,'2020-06-10',0),(163,462,1,'2020-06-11',0),(164,719,6,'2020-06-12',0),(165,160,4,'2020-06-13',1),(166,106,5,'2020-06-14',1),(167,737,7,'2020-06-15',1),(168,461,2,'2020-06-16',1),(169,269,1,'2020-06-17',1),(170,323,7,'2020-06-18',0),(171,77,8,'2020-06-19',1),(172,95,1,'2020-06-20',0),(173,909,4,'2020-06-21',0),(174,781,5,'2020-06-22',1),(175,944,2,'2020-06-23',0),(176,454,7,'2020-06-24',1),(177,481,7,'2020-06-25',1),(178,147,6,'2020-06-26',0),(179,978,8,'2020-06-27',0),(180,344,5,'2020-06-28',1),(181,565,7,'2020-06-29',0),(182,317,3,'2020-06-30',0),(183,239,8,'2020-07-01',1),(184,658,1,'2020-07-02',0),(185,247,3,'2020-07-03',1),(186,315,1,'2020-07-04',1),(187,908,4,'2020-07-05',0),(188,466,1,'2020-07-06',1),(189,397,7,'2020-07-07',1),(190,137,5,'2020-07-08',1),(191,808,4,'2020-07-09',0),(192,211,5,'2020-07-10',1),(193,93,8,'2020-07-11',1),(194,496,6,'2020-07-12',0),(195,254,2,'2020-07-13',1),(196,53,8,'2020-07-14',1),(197,260,3,'2020-07-15',1),(198,985,1,'2020-07-16',0),(199,846,5,'2020-07-17',0),(200,903,2,'2020-07-18',0),(201,277,8,'2020-07-19',0),(202,971,7,'2020-07-20',0),(203,648,5,'2020-07-21',0),(204,301,8,'2020-07-22',1),(205,365,8,'2020-07-23',1),(206,351,4,'2020-07-24',1),(207,112,8,'2020-07-25',0),(208,476,1,'2020-07-26',0),(209,433,2,'2020-07-27',1),(210,368,7,'2020-07-28',1),(211,290,8,'2020-07-29',1),(212,208,1,'2020-07-30',0),(213,789,5,'2020-07-31',1),(214,69,4,'2020-08-01',1),(215,784,7,'2020-08-02',1),(216,677,4,'2020-08-03',0),(217,882,7,'2020-08-04',1),(218,235,7,'2020-08-05',0),(219,602,6,'2020-08-06',0),(220,641,4,'2020-08-07',0),(221,460,6,'2020-08-08',0),(222,617,3,'2020-08-09',0),(223,438,8,'2020-08-10',1),(224,573,3,'2020-08-11',1),(225,743,4,'2020-08-12',1),(226,506,3,'2020-08-13',1),(227,487,7,'2020-08-14',0),(228,275,8,'2020-08-15',1),(229,929,3,'2020-08-16',1),(230,777,5,'2020-08-17',1),(231,830,5,'2020-08-18',0),(232,661,1,'2020-08-19',1),(233,326,3,'2020-08-20',0),(234,680,4,'2020-08-21',0),(235,692,4,'2020-08-22',0),(236,248,2,'2020-08-23',1),(237,626,6,'2020-08-24',0),(238,45,6,'2020-08-25',1),(239,60,4,'2020-08-26',1),(240,604,6,'2020-08-27',1),(241,105,4,'2020-08-28',1),(242,528,3,'2020-08-29',0),(243,335,8,'2020-08-30',1),(244,586,2,'2020-08-31',1),(245,992,7,'2020-09-01',1),(246,124,6,'2020-09-02',1),(247,760,6,'2020-09-03',1),(248,888,1,'2020-09-04',1),(249,370,4,'2020-09-05',1),(250,703,2,'2020-09-06',0),(251,707,1,'2020-09-07',0),(252,533,5,'2020-09-08',1),(253,49,6,'2020-09-09',0),(254,122,3,'2020-09-10',1),(255,509,2,'2020-09-11',1),(256,176,7,'2020-09-12',1),(257,512,8,'2020-09-13',1),(258,857,6,'2020-09-14',0),(259,503,8,'2020-09-15',1),(260,276,6,'2020-09-16',1),(261,334,4,'2020-09-17',0),(262,506,1,'2020-09-18',0),(263,569,2,'2020-09-19',1),(264,33,5,'2020-09-20',1),(265,237,5,'2020-09-21',0),(266,709,7,'2020-09-22',1),(267,63,8,'2020-09-23',0),(268,980,7,'2020-09-24',0),(269,670,2,'2020-09-25',1),(270,766,6,'2020-09-26',0),(271,610,5,'2020-09-27',1),(272,819,7,'2020-09-28',0),(273,622,4,'2020-09-29',0),(274,515,4,'2020-09-30',1),(275,6,6,'2020-10-01',0),(276,712,4,'2020-10-02',0),(277,398,7,'2020-10-03',0),(278,267,1,'2020-10-04',1),(279,966,3,'2020-10-05',1),(280,299,5,'2020-10-06',1),(281,244,7,'2020-10-07',1),(282,513,2,'2020-10-08',1),(283,745,5,'2020-10-09',1),(284,587,4,'2020-10-10',0),(285,660,2,'2020-10-11',1),(286,117,8,'2020-10-12',1),(287,615,3,'2020-10-13',1),(288,574,1,'2020-10-14',0),(289,236,8,'2020-10-15',0),(290,817,6,'2020-10-16',0),(291,843,3,'2020-10-17',0),(292,851,7,'2020-10-18',1),(293,623,7,'2020-10-19',1),(294,649,5,'2020-10-20',1),(295,260,2,'2020-10-21',1),(296,309,2,'2020-10-22',1),(297,192,3,'2020-10-23',0),(298,342,4,'2020-10-24',0),(299,996,5,'2020-10-25',0),(300,557,2,'2020-10-26',0),(301,382,7,'2020-10-27',1),(302,839,7,'2020-10-28',1),(303,485,5,'2020-10-29',0),(304,640,8,'2020-10-30',1),(305,632,1,'2020-10-31',1),(306,30,1,'2020-11-01',0),(307,626,2,'2020-11-02',1),(308,792,6,'2020-11-03',0),(309,443,6,'2020-11-04',0),(310,577,7,'2020-11-05',0),(311,154,1,'2020-11-06',0),(312,676,6,'2020-11-07',1),(313,218,7,'2020-11-08',1),(314,168,5,'2020-11-09',0),(315,307,3,'2020-11-10',1),(316,313,2,'2020-11-11',1),(317,715,5,'2020-11-12',1),(318,720,2,'2020-11-13',1),(319,511,4,'2020-11-14',1),(320,566,3,'2020-11-15',1),(321,304,8,'2020-11-16',1),(322,748,5,'2020-11-17',0),(323,861,5,'2020-11-18',1),(324,399,7,'2020-11-19',1),(325,292,8,'2020-11-20',1),(326,40,7,'2020-11-21',0),(327,70,6,'2020-11-22',0),(328,753,3,'2020-11-23',1),(329,628,7,'2020-11-24',1),(330,363,8,'2020-11-25',0),(331,245,8,'2020-11-26',0),(332,719,4,'2020-11-27',0),(333,171,6,'2020-11-28',1),(334,716,4,'2020-11-29',0),(335,147,7,'2020-11-30',1),(336,723,1,'2020-12-01',0),(337,1000,7,'2020-12-02',1),(338,452,6,'2020-12-03',1),(339,603,5,'2020-12-04',0),(340,980,3,'2020-12-05',0),(341,299,5,'2020-12-06',0),(342,163,5,'2020-12-07',1),(343,784,5,'2020-12-08',0),(344,379,4,'2020-12-09',0),(345,283,7,'2020-12-10',1),(346,375,7,'2020-12-11',0),(347,689,6,'2020-12-12',0),(348,337,1,'2020-12-13',1),(349,982,8,'2020-12-14',1),(350,540,2,'2020-12-15',0),(351,248,5,'2020-12-16',1),(352,338,2,'2020-12-17',1),(353,1,1,'2020-12-18',1),(354,528,6,'2020-12-19',0),(355,918,2,'2020-12-20',0),(356,96,2,'2020-12-21',1),(357,152,7,'2020-12-22',1),(358,753,5,'2020-12-23',0),(359,615,3,'2020-12-24',1),(360,640,3,'2020-12-25',1),(361,970,8,'2020-12-26',1),(362,45,3,'2020-12-27',1),(363,485,7,'2020-12-28',0),(364,134,6,'2020-12-29',1),(365,253,5,'2020-12-30',1),(366,722,8,'2020-12-31',0),(367,268,2,'2021-01-01',0),(368,445,7,'2021-01-02',0),(369,580,2,'2021-01-03',0),(370,834,4,'2021-01-04',0),(371,581,4,'2021-01-05',1),(372,496,7,'2021-01-06',1),(373,287,4,'2021-01-07',1),(374,808,1,'2021-01-08',1),(375,595,1,'2021-01-09',0),(376,16,3,'2021-01-10',0),(377,336,7,'2021-01-11',1),(378,971,1,'2021-01-12',1),(379,463,5,'2021-01-13',1),(380,109,6,'2021-01-14',0),(381,709,2,'2021-01-15',0),(382,610,8,'2021-01-16',0),(383,893,2,'2021-01-17',1),(384,231,3,'2021-01-18',0),(385,435,5,'2021-01-19',1),(386,992,7,'2021-01-20',1),(387,679,4,'2021-01-21',1),(388,530,4,'2021-01-22',0),(389,159,3,'2021-01-23',1),(390,942,1,'2021-01-24',1),(391,141,6,'2021-01-25',1),(392,780,7,'2021-01-26',0),(393,669,2,'2021-01-27',0),(394,734,8,'2021-01-28',1),(395,654,7,'2021-01-29',1),(396,25,4,'2021-01-30',1),(397,520,5,'2021-01-31',0),(398,258,4,'2021-02-01',1),(399,159,2,'2021-02-02',1),(400,202,5,'2021-02-03',0),(401,809,6,'2021-02-04',0),(402,740,8,'2021-02-05',0),(403,880,5,'2021-02-06',1),(404,155,5,'2021-02-07',0),(405,503,1,'2021-02-08',1),(406,808,1,'2021-02-09',1),(407,228,6,'2021-02-10',0),(408,48,5,'2021-02-11',1),(409,933,5,'2021-02-12',0),(410,183,1,'2021-02-13',1),(411,571,4,'2021-02-14',0),(412,791,2,'2021-02-15',0),(413,151,2,'2021-02-16',0),(414,89,5,'2021-02-17',1),(415,427,1,'2021-02-18',0),(416,174,1,'2021-02-19',1),(417,586,7,'2021-02-20',1),(418,684,4,'2021-02-21',1),(419,74,3,'2021-02-22',1),(420,980,8,'2021-02-23',0),(421,943,6,'2021-02-24',1),(422,608,8,'2021-02-25',0),(423,48,3,'2021-02-26',0),(424,674,4,'2021-02-27',1),(425,648,3,'2021-02-28',1),(426,418,5,'2021-03-01',1),(427,383,3,'2021-03-02',0),(428,142,6,'2021-03-03',1),(429,801,8,'2021-03-04',0),(430,135,8,'2021-03-05',1),(431,375,2,'2021-03-06',1),(432,174,2,'2021-03-07',0),(433,884,8,'2021-03-08',0),(434,683,3,'2021-03-09',0),(435,305,5,'2021-03-10',1),(436,514,4,'2021-03-11',1),(437,668,8,'2021-03-12',1),(438,122,6,'2021-03-13',0),(439,488,7,'2021-03-14',0),(440,527,7,'2021-03-15',1),(441,802,5,'2021-03-16',0),(442,866,5,'2021-03-17',1),(443,623,5,'2021-03-18',1),(444,60,5,'2021-03-19',1),(445,134,1,'2021-03-20',0),(446,680,6,'2021-03-21',1),(447,77,2,'2021-03-22',1),(448,876,6,'2021-03-23',1),(449,397,3,'2021-03-24',0),(450,765,5,'2021-03-25',1),(451,303,3,'2021-03-26',1),(452,463,5,'2021-03-27',0),(453,292,2,'2021-03-28',0),(454,903,7,'2021-03-29',1),(455,131,7,'2021-03-30',0),(456,673,2,'2021-03-31',0),(457,248,6,'2021-04-01',1),(458,212,8,'2021-04-02',0),(459,347,5,'2021-04-03',1),(460,753,4,'2021-04-04',1),(461,820,5,'2021-04-05',1),(462,630,2,'2021-04-06',0),(463,127,8,'2021-04-07',0),(464,301,4,'2021-04-08',1),(465,30,8,'2021-04-09',0),(466,330,5,'2021-04-10',1),(467,534,7,'2021-04-11',1),(468,3,3,'2021-04-12',0),(469,879,7,'2021-04-13',1),(470,572,1,'2021-04-14',1),(471,69,2,'2021-04-15',1),(472,19,8,'2021-04-16',0),(473,668,8,'2021-04-17',1),(474,456,6,'2021-04-18',0),(475,407,7,'2021-04-19',0),(476,332,3,'2021-04-20',0),(477,623,7,'2021-04-21',1),(478,791,5,'2021-04-22',1),(479,497,8,'2021-04-23',0),(480,52,2,'2021-04-24',0),(481,457,5,'2021-04-25',1),(482,737,7,'2021-04-26',0),(483,974,8,'2021-04-27',1),(484,732,4,'2021-04-28',0),(485,552,6,'2021-04-29',0),(486,908,1,'2021-04-30',1),(487,828,5,'2021-05-01',1),(488,620,6,'2021-05-02',0),(489,268,4,'2021-05-03',0),(490,609,7,'2021-05-04',0),(491,302,1,'2021-05-05',0),(492,646,7,'2021-05-06',0),(493,673,8,'2021-05-07',0),(494,443,3,'2021-05-08',1),(495,509,2,'2021-05-09',0),(496,334,5,'2021-05-10',0),(497,140,3,'2021-05-11',1),(498,308,5,'2021-05-12',1),(499,365,6,'2021-05-13',0),(500,937,3,'2021-05-14',1),(501,507,2,'2021-05-15',0),(502,163,7,'2021-05-16',0),(503,163,6,'2021-05-17',0),(504,316,1,'2021-05-18',1),(505,84,4,'2021-05-19',1),(506,557,3,'2021-05-20',1),(507,435,5,'2021-05-21',0),(508,91,2,'2021-05-22',0),(509,890,4,'2021-05-23',0),(510,530,5,'2021-05-24',1),(511,592,6,'2021-05-25',0),(512,606,7,'2021-05-26',0),(513,562,6,'2021-05-27',0),(514,134,4,'2021-05-28',1),(515,534,7,'2021-05-29',1),(516,984,4,'2021-05-30',1),(517,286,3,'2021-05-31',1),(518,236,7,'2021-06-01',0),(519,130,6,'2021-06-02',0),(520,339,8,'2021-06-03',0),(521,921,8,'2021-06-04',0),(522,280,4,'2021-06-05',0),(523,458,8,'2021-06-06',1),(524,74,2,'2021-06-07',1),(525,747,8,'2021-06-08',0),(526,679,8,'2021-06-09',1),(527,557,3,'2021-06-10',0),(528,412,3,'2021-06-11',1),(529,537,8,'2021-06-12',1),(530,553,7,'2021-06-13',1),(531,296,5,'2021-06-14',1),(532,781,8,'2021-06-15',1),(533,223,2,'2021-06-16',0),(534,105,6,'2021-06-17',1),(535,974,3,'2021-06-18',1),(536,358,3,'2021-06-19',1),(537,814,8,'2021-06-20',0),(538,631,6,'2021-06-21',0),(539,696,2,'2021-06-22',0),(540,439,7,'2021-06-23',1),(541,287,4,'2021-06-24',0),(542,824,7,'2021-06-25',0),(543,765,1,'2021-06-26',1),(544,315,2,'2021-06-27',0),(545,286,7,'2021-06-28',0),(546,104,1,'2021-06-29',1),(547,131,7,'2021-06-30',0),(548,503,8,'2021-07-01',0),(549,196,4,'2021-07-02',0),(550,654,2,'2021-07-03',0),(551,386,1,'2021-07-04',1),(552,498,3,'2021-07-05',1),(553,165,5,'2021-07-06',1),(554,224,1,'2021-07-07',1),(555,467,3,'2021-07-08',0),(556,586,5,'2021-07-09',0),(557,162,7,'2021-07-10',0),(558,342,2,'2021-07-11',0),(559,458,6,'2021-07-12',0),(560,511,5,'2021-07-13',1),(561,985,3,'2021-07-14',1),(562,1003,5,'2021-07-15',1),(563,201,4,'2021-07-16',1),(564,933,1,'2021-07-17',0),(565,490,7,'2021-07-18',0),(566,767,8,'2021-07-19',0),(567,208,8,'2021-07-20',1),(568,914,5,'2021-07-21',1),(569,922,4,'2021-07-22',1),(570,185,4,'2021-07-23',1),(571,943,6,'2021-07-24',1),(572,342,4,'2021-07-25',1),(573,725,3,'2021-07-26',1),(574,854,7,'2021-07-27',0),(575,750,4,'2021-07-28',1),(576,605,2,'2021-07-29',1),(577,395,7,'2021-07-30',1),(578,349,5,'2021-07-31',1),(579,841,8,'2021-08-01',1),(580,100,3,'2021-08-02',1),(581,597,8,'2021-08-03',1),(582,420,5,'2021-08-04',0),(583,908,3,'2021-08-05',0),(584,187,5,'2021-08-06',0),(585,346,8,'2021-08-07',0),(586,650,2,'2021-08-08',1),(587,801,7,'2021-08-09',0),(588,306,8,'2021-08-10',0),(589,205,5,'2021-08-11',0),(590,848,2,'2021-08-12',0),(591,867,1,'2021-08-13',1),(592,744,6,'2021-08-14',1),(593,285,2,'2021-08-15',1),(594,165,8,'2021-08-16',0),(595,882,3,'2021-08-17',0),(596,629,2,'2021-08-18',1),(597,739,1,'2021-08-19',0),(598,466,3,'2021-08-20',0),(599,599,2,'2021-08-21',1),(600,646,1,'2021-08-22',1),(601,696,1,'2021-08-23',1),(602,729,3,'2021-08-24',0),(603,472,4,'2021-08-25',0),(604,137,2,'2021-08-26',1),(605,306,2,'2021-08-27',1),(606,26,7,'2021-08-28',0),(607,407,3,'2021-08-29',1),(608,522,1,'2021-08-30',1),(609,820,4,'2021-08-31',1),(610,578,3,'2021-09-01',1),(611,2,7,'2021-09-02',0),(612,687,4,'2021-09-03',0),(613,928,3,'2021-09-04',1),(614,988,5,'2021-09-05',0),(615,480,7,'2021-09-06',0),(616,632,7,'2021-09-07',0),(617,916,7,'2021-09-08',0),(618,451,4,'2021-09-09',0),(619,517,6,'2021-09-10',0),(620,107,4,'2021-09-11',1),(621,887,8,'2021-09-12',1),(622,857,3,'2021-09-13',0),(623,980,4,'2021-09-14',0),(624,32,7,'2021-09-15',1),(625,116,5,'2021-09-16',1),(626,44,1,'2021-09-17',1),(627,354,2,'2021-09-18',0),(628,985,4,'2021-09-19',0),(629,605,4,'2021-09-20',0),(630,37,5,'2021-09-21',1),(631,185,2,'2021-09-22',0),(632,589,2,'2021-09-23',1),(633,492,2,'2021-09-24',1),(634,748,2,'2021-09-25',0),(635,287,4,'2021-09-26',1),(636,320,8,'2021-09-27',1),(637,737,8,'2021-09-28',1),(638,534,3,'2021-09-29',0),(639,76,6,'2021-09-30',1),(640,755,4,'2021-10-01',0),(641,64,1,'2021-10-02',1),(642,217,1,'2021-10-03',1),(643,209,1,'2021-10-04',1),(644,125,8,'2021-10-05',0),(645,366,1,'2021-10-06',1),(646,181,3,'2021-10-07',0),(647,319,3,'2021-10-08',1),(648,924,3,'2021-10-09',1),(649,102,7,'2021-10-10',0),(650,928,5,'2021-10-11',0),(651,462,8,'2021-10-12',0),(652,747,3,'2021-10-13',1),(653,690,7,'2021-10-14',1),(654,843,2,'2021-10-15',0),(655,468,4,'2021-10-16',1),(656,608,8,'2021-10-17',0),(657,10,1,'2021-10-18',1),(658,62,4,'2021-10-19',1),(659,444,4,'2021-10-20',0),(660,754,7,'2021-10-21',0),(661,407,2,'2021-10-22',0),(662,514,1,'2021-10-23',1),(663,932,1,'2021-10-24',1),(664,153,4,'2021-10-25',1),(665,396,5,'2021-10-26',1),(666,634,7,'2021-10-27',1),(667,534,3,'2021-10-28',0),(668,299,2,'2021-10-29',1),(669,640,4,'2021-10-30',1),(670,844,2,'2021-10-31',1),(671,560,5,'2021-11-01',1),(672,58,4,'2021-11-02',1),(673,356,3,'2021-11-03',0),(674,628,6,'2021-11-04',0),(675,193,4,'2021-11-05',1),(676,141,4,'2021-11-06',0),(677,662,8,'2021-11-07',0),(678,279,7,'2021-11-08',1),(679,827,5,'2021-11-09',1),(680,430,5,'2021-11-10',0),(681,770,7,'2021-11-11',1),(682,988,4,'2021-11-12',1),(683,452,5,'2021-11-13',0),(684,185,6,'2021-11-14',1),(685,567,5,'2021-11-15',0),(686,123,8,'2021-11-16',1),(687,510,2,'2021-11-17',1),(688,886,8,'2021-11-18',0),(689,26,4,'2021-11-19',1),(690,926,4,'2021-11-20',0),(691,832,6,'2021-11-21',1),(692,854,1,'2021-11-22',1),(693,586,3,'2021-11-23',0),(694,678,6,'2021-11-24',0),(695,490,3,'2021-11-25',1),(696,318,8,'2021-11-26',0),(697,23,4,'2021-11-27',1),(698,92,5,'2021-11-28',1),(699,785,5,'2021-11-29',0),(700,513,7,'2021-11-30',1),(701,738,3,'2021-12-01',0),(702,85,5,'2021-12-02',1),(703,812,8,'2021-12-03',1),(704,191,6,'2021-12-04',0),(705,618,7,'2021-12-05',0),(706,734,4,'2021-12-06',1),(707,421,7,'2021-12-07',0),(708,437,6,'2021-12-08',0),(709,328,3,'2021-12-09',0),(710,639,2,'2021-12-10',1),(711,885,7,'2021-12-11',1),(712,503,5,'2021-12-12',1),(713,88,4,'2021-12-13',1),(714,734,6,'2021-12-14',1),(715,226,4,'2021-12-15',1),(716,440,3,'2021-12-16',1),(717,931,2,'2021-12-17',1),(718,313,4,'2021-12-18',0),(719,644,5,'2021-12-19',0),(720,864,4,'2021-12-20',0),(721,231,5,'2021-12-21',1),(722,998,6,'2021-12-22',0),(723,892,5,'2021-12-23',1),(724,297,4,'2021-12-24',1),(725,181,8,'2021-12-25',0),(726,530,3,'2021-12-26',1),(727,897,4,'2021-12-27',0),(728,820,6,'2021-12-28',1),(729,97,7,'2021-12-29',1),(730,790,4,'2021-12-30',1),(731,15,3,'2021-12-31',0),(732,691,2,'2022-01-01',0),(733,989,5,'2022-01-02',0),(734,187,5,'2022-01-03',0),(735,533,8,'2022-01-04',1),(736,368,1,'2022-01-05',1),(737,355,2,'2022-01-06',1),(738,207,6,'2022-01-07',1),(739,398,2,'2022-01-08',1),(740,82,4,'2022-01-09',0),(741,497,8,'2022-01-10',1),(742,669,1,'2022-01-11',1),(743,165,2,'2022-01-12',1),(744,28,7,'2022-01-13',0),(745,596,4,'2022-01-14',1),(746,927,5,'2022-01-15',1),(747,912,6,'2022-01-16',0),(748,467,3,'2022-01-17',1),(749,597,8,'2022-01-18',0),(750,581,1,'2022-01-19',0),(751,587,4,'2022-01-20',0),(752,363,4,'2022-01-21',1),(753,318,3,'2022-01-22',0),(754,493,4,'2022-01-23',0),(755,103,4,'2022-01-24',1),(756,967,1,'2022-01-25',1),(757,46,4,'2022-01-26',0),(758,207,8,'2022-01-27',1),(759,196,8,'2022-01-28',1),(760,861,7,'2022-01-29',0),(761,218,7,'2022-01-30',1),(762,479,2,'2022-01-31',0),(763,763,5,'2022-02-01',0),(764,706,4,'2022-02-02',1),(765,658,7,'2022-02-03',1),(766,749,6,'2022-02-04',1),(767,513,6,'2022-02-05',1),(768,419,4,'2022-02-06',1),(769,257,4,'2022-02-07',1),(770,917,8,'2022-02-08',0),(771,336,1,'2022-02-09',1),(772,209,5,'2022-02-10',0),(773,366,3,'2022-02-11',0),(774,943,4,'2022-02-12',0),(775,607,2,'2022-02-13',1),(776,358,6,'2022-02-14',1),(777,773,3,'2022-02-15',1),(778,713,4,'2022-02-16',1),(779,420,8,'2022-02-17',1),(780,527,1,'2022-02-18',1),(781,483,4,'2022-02-19',0),(782,23,5,'2022-02-20',0),(783,527,6,'2022-02-21',1),(784,303,1,'2022-02-22',0),(785,709,6,'2022-02-23',1),(786,372,8,'2022-02-24',1),(787,677,6,'2022-02-25',1),(788,233,4,'2022-02-26',1),(789,512,8,'2022-02-27',0),(790,335,6,'2022-02-28',0),(791,478,7,'2022-03-01',0),(792,499,2,'2022-03-02',0),(793,969,5,'2022-03-03',0),(794,470,5,'2022-03-04',1),(795,43,2,'2022-03-05',1),(796,44,8,'2022-03-06',0),(797,20,7,'2022-03-07',0),(798,872,7,'2022-03-08',1),(799,809,1,'2022-03-09',1),(800,829,4,'2022-03-10',1),(801,790,6,'2022-03-11',0),(802,651,1,'2022-03-12',0),(803,569,1,'2022-03-13',0),(804,741,1,'2022-03-14',0),(805,151,6,'2022-03-15',1),(806,991,2,'2022-03-16',1),(807,788,3,'2022-03-17',0),(808,882,1,'2022-03-18',1),(809,655,8,'2022-03-19',1),(810,518,3,'2022-03-20',0),(811,673,2,'2022-03-21',1),(812,456,2,'2022-03-22',0),(813,413,7,'2022-03-23',0),(814,96,2,'2022-03-24',0),(815,264,5,'2022-03-25',1),(816,679,8,'2022-03-26',1),(817,197,7,'2022-03-27',0),(818,540,1,'2022-03-28',0),(819,420,2,'2022-03-29',1),(820,533,7,'2022-03-30',0),(821,524,1,'2022-03-31',1),(822,903,3,'2022-04-01',0),(823,476,8,'2022-04-02',0),(824,366,4,'2022-04-03',1),(825,641,8,'2022-04-04',0),(826,738,8,'2022-04-05',0),(827,495,4,'2022-04-06',1),(828,886,1,'2022-04-07',1),(829,866,5,'2022-04-08',1),(830,292,8,'2022-04-09',1),(831,721,6,'2022-04-10',1),(832,310,1,'2022-04-11',1),(833,736,8,'2022-04-12',1),(834,18,4,'2022-04-13',0),(835,98,3,'2022-04-14',1),(836,613,5,'2022-04-15',1),(837,786,3,'2022-04-16',0),(838,135,4,'2022-04-17',1),(839,907,8,'2022-04-18',0),(840,358,6,'2022-04-19',0),(841,521,4,'2022-04-20',1),(842,388,7,'2022-04-21',1),(843,860,2,'2022-04-22',1),(844,917,4,'2022-04-23',0),(845,27,6,'2022-04-24',0),(846,510,8,'2022-04-25',0),(847,281,1,'2022-04-26',0),(848,999,1,'2022-04-27',0),(849,793,5,'2022-04-28',1),(850,727,1,'2022-04-29',1),(851,328,2,'2022-04-30',0),(852,725,6,'2022-05-01',1),(853,48,7,'2022-05-02',1),(854,244,2,'2022-05-03',1),(855,850,8,'2022-05-04',0),(856,157,8,'2022-05-05',1),(857,191,7,'2022-05-06',1),(858,146,1,'2022-05-07',1),(859,59,1,'2022-05-08',0),(860,329,4,'2022-05-09',0),(861,229,5,'2022-05-10',1),(862,91,1,'2022-05-11',0),(863,56,5,'2022-05-12',1),(864,805,2,'2022-05-13',1),(865,517,8,'2022-05-14',1),(866,634,4,'2022-05-15',1),(867,93,2,'2022-05-16',0),(868,201,6,'2022-05-17',0),(869,13,8,'2022-05-18',1),(870,454,8,'2022-05-19',0),(871,585,2,'2022-05-20',1),(872,383,5,'2022-05-21',1),(873,425,1,'2022-05-22',0),(874,334,4,'2022-05-23',0),(875,240,3,'2022-05-24',0),(876,544,6,'2022-05-25',0),(877,567,7,'2022-05-26',1),(878,186,3,'2022-05-27',1),(879,460,5,'2022-05-28',1),(880,683,7,'2022-05-29',1),(881,664,6,'2022-05-30',1),(882,7,8,'2022-05-31',1),(883,919,8,'2022-06-01',1),(884,828,3,'2022-06-02',1),(885,659,3,'2022-06-03',0),(886,160,7,'2022-06-04',0),(887,403,1,'2022-06-05',1),(888,408,7,'2022-06-06',0),(889,871,4,'2022-06-07',1),(890,409,2,'2022-06-08',0),(891,270,6,'2022-06-09',1),(892,995,8,'2022-06-10',0),(893,393,5,'2022-06-11',1),(894,673,3,'2022-06-12',0),(895,33,1,'2022-06-13',1),(896,855,4,'2022-06-14',0),(897,403,4,'2022-06-15',1),(898,801,6,'2022-06-16',1),(899,388,3,'2022-06-17',0),(900,123,7,'2022-06-18',1),(901,391,5,'2022-06-19',0),(902,333,7,'2022-06-20',1),(903,148,5,'2022-06-21',1),(904,194,7,'2022-06-22',1),(905,713,6,'2022-06-23',1),(906,580,5,'2022-06-24',0),(907,906,8,'2022-06-25',0),(908,490,1,'2022-06-26',0),(909,838,6,'2022-06-27',0),(910,378,7,'2022-06-28',0),(911,682,7,'2022-06-29',0),(912,80,8,'2022-06-30',1),(913,784,3,'2022-07-01',0),(914,421,1,'2022-07-02',0),(915,681,8,'2022-07-03',0),(916,819,3,'2022-07-04',0),(917,174,8,'2022-07-05',1),(918,449,2,'2022-07-06',1),(919,158,2,'2022-07-07',1),(920,780,7,'2022-07-08',0),(921,842,7,'2022-07-09',0),(922,215,3,'2022-07-10',1),(923,185,2,'2022-07-11',0),(924,733,3,'2022-07-12',1),(925,492,7,'2022-07-13',0),(926,147,4,'2022-07-14',1),(927,320,7,'2022-07-15',1),(928,248,7,'2022-07-16',0),(929,113,5,'2022-07-17',0),(930,5,3,'2022-07-18',1),(931,620,5,'2022-07-19',1),(932,828,5,'2022-07-20',1),(933,508,2,'2022-07-21',1),(934,342,4,'2022-07-22',1),(935,660,8,'2022-07-23',1),(936,811,8,'2022-07-24',0),(937,180,8,'2022-07-25',0),(938,246,4,'2022-07-26',0),(939,207,6,'2022-07-27',0),(940,940,5,'2022-07-28',1),(941,779,5,'2022-07-29',0),(942,78,2,'2022-07-30',0),(943,26,1,'2022-07-31',0),(944,472,6,'2022-08-01',1),(945,932,2,'2022-08-02',1),(946,544,2,'2022-08-03',0),(947,525,6,'2022-08-04',0),(948,759,7,'2022-08-05',0),(949,936,5,'2022-08-06',1),(950,58,5,'2022-08-07',1),(951,194,2,'2022-08-08',0),(952,680,6,'2022-08-09',1),(953,462,3,'2022-08-10',0),(954,692,4,'2022-08-11',0),(955,643,6,'2022-08-12',1),(956,452,1,'2022-08-13',1),(957,138,7,'2022-08-14',1),(958,893,1,'2022-08-15',1),(959,242,4,'2022-08-16',1),(960,592,3,'2022-08-17',0),(961,1007,8,'2022-08-18',0),(962,645,7,'2022-08-19',1),(963,100,2,'2022-08-20',1),(964,177,5,'2022-08-21',0),(965,552,1,'2022-08-22',1),(966,414,2,'2022-08-23',1),(967,468,5,'2022-08-24',1),(968,89,5,'2022-08-25',1),(969,360,4,'2022-08-26',1),(970,66,7,'2022-08-27',1),(971,510,4,'2022-08-28',0),(972,174,7,'2022-08-29',0),(973,715,1,'2022-08-30',0),(974,909,7,'2022-08-31',1),(975,132,1,'2022-09-01',1),(976,135,4,'2022-09-02',0),(977,418,6,'2022-09-03',1),(978,563,7,'2022-09-04',1),(979,661,3,'2022-09-05',1),(980,868,2,'2022-09-06',1),(981,321,6,'2022-09-07',0),(982,929,4,'2022-09-08',1),(983,192,6,'2022-09-09',1),(984,233,3,'2022-09-10',0),(985,404,7,'2022-09-11',1),(986,918,6,'2022-09-12',1),(987,168,6,'2022-09-13',1),(988,233,8,'2022-09-14',0),(989,389,8,'2022-09-15',1),(990,179,5,'2022-09-16',1),(991,896,8,'2022-09-17',0),(992,82,2,'2022-09-18',0),(993,1,1,'2022-09-19',1),(994,633,1,'2022-09-20',1),(995,474,4,'2022-09-21',1),(996,491,7,'2022-09-22',1),(997,990,6,'2022-09-23',0),(998,69,5,'2022-09-24',0),(999,986,8,'2022-09-25',0),(1000,891,7,'2022-09-26',0),(1001,658,6,'2022-09-27',0),(1002,28,8,'2022-09-28',1),(1003,474,3,'2022-09-29',0),(1004,837,5,'2022-09-30',1),(1005,172,3,'2022-10-01',1),(1006,336,8,'2022-10-02',1),(1007,857,5,'2022-10-03',0),(1008,316,4,'2022-10-04',0),(1009,677,4,'2020-01-01',0),(1010,970,1,'2020-01-02',1),(1011,467,6,'2020-01-03',1);
